"","reserve","date","lizard_num","nymphal_propption","month_numeric","binned_prop","month_name","ppt","tmax","tmean","tmin","vpdmax","vpdmin","ppt_month","ppt_prior_month","region","location"
"1","Sedgwick",2021-03-21,1,1,3,0,"March",0,17.5879001617432,12.363299369812,7.1387996673584,14.1996994018555,2.62619996070862,35.1180995106697,3.17009991407394,"southern","inland"
"2","Sedgwick",2021-03-21,2,0.2,3,0,"March",0,17.5879001617432,12.363299369812,7.1387996673584,14.1996994018555,2.62619996070862,35.1180995106697,3.17009991407394,"southern","inland"
"3","Sedgwick",2021-03-21,3,0.5,3,1,"March",0,17.5879001617432,12.363299369812,7.1387996673584,14.1996994018555,2.62619996070862,35.1180995106697,3.17009991407394,"southern","inland"
"4","Sedgwick",2021-03-21,4,0.5,3,1,"March",0,17.5879001617432,12.363299369812,7.1387996673584,14.1996994018555,2.62619996070862,35.1180995106697,3.17009991407394,"southern","inland"
"5","Sedgwick",2021-03-21,5,1,3,0,"March",0,17.5879001617432,12.363299369812,7.1387996673584,14.1996994018555,2.62619996070862,35.1180995106697,3.17009991407394,"southern","inland"
"6","Sedgwick",2021-03-21,6,0.6,3,1,"March",0,17.5879001617432,12.363299369812,7.1387996673584,14.1996994018555,2.62619996070862,35.1180995106697,3.17009991407394,"southern","inland"
"7","Sedgwick",2021-03-21,7,0.6,3,1,"March",0,17.5879001617432,12.363299369812,7.1387996673584,14.1996994018555,2.62619996070862,35.1180995106697,3.17009991407394,"southern","inland"
"8","Sedgwick",2021-03-21,8,1,3,0,"March",0,17.5879001617432,12.363299369812,7.1387996673584,14.1996994018555,2.62619996070862,35.1180995106697,3.17009991407394,"southern","inland"
"9","Coal Oil Point",2021-03-23,1,1,3,0,"March",0,21.3822994232178,14.7337999343872,8.08539962768555,20.264799118042,3.95039987564087,32.8756989093963,1.16809995565563,"southern","coastal"
"10","Stunt Ranch",2021-03-24,1,0,3,0,"March",0,17.8936996459961,11.6778993606567,5.46229982376099,13.5625,0.381199985742569,27.0947994589805,0,"southern","inland"
"11","Stunt Ranch",2021-03-24,2,1,3,0,"March",0,17.8936996459961,11.6778993606567,5.46229982376099,13.5625,0.381199985742569,27.0947994589805,0,"southern","inland"
"12","Stunt Ranch",2021-03-24,3,1,3,0,"March",0,17.8936996459961,11.6778993606567,5.46229982376099,13.5625,0.381199985742569,27.0947994589805,0,"southern","inland"
"13","Stunt Ranch",2021-03-24,4,1,3,0,"March",0,17.8936996459961,11.6778993606567,5.46229982376099,13.5625,0.381199985742569,27.0947994589805,0,"southern","inland"
"14","Stunt Ranch",2021-03-24,5,0,3,0,"March",0,17.8936996459961,11.6778993606567,5.46229982376099,13.5625,0.381199985742569,27.0947994589805,0,"southern","inland"
"15","Stunt Ranch",2021-03-24,6,1,3,0,"March",0,17.8936996459961,11.6778993606567,5.46229982376099,13.5625,0.381199985742569,27.0947994589805,0,"southern","inland"
"16","Stunt Ranch",2021-03-24,7,1,3,0,"March",0,17.8936996459961,11.6778993606567,5.46229982376099,13.5625,0.381199985742569,27.0947994589805,0,"southern","inland"
"17","Stunt Ranch",2021-03-24,8,0,3,0,"March",0,17.8936996459961,11.6778993606567,5.46229982376099,13.5625,0.381199985742569,27.0947994589805,0,"southern","inland"
"18","Stunt Ranch",2021-03-24,9,0.5,3,1,"March",0,17.8936996459961,11.6778993606567,5.46229982376099,13.5625,0.381199985742569,27.0947994589805,0,"southern","inland"
"19","McLaughlin",2021-04-07,1,0.9523809524,4,0,"April",0,22.082498550415,13.5458993911743,5.00950002670288,19.7052001953125,0.785999953746796,6.62619972229004,71.7011970673921,"northern","inland"
"20","McLaughlin",2021-04-07,2,1,4,0,"April",0,22.082498550415,13.5458993911743,5.00950002670288,19.7052001953125,0.785999953746796,6.62619972229004,71.7011970673921,"northern","inland"
"21","McLaughlin",2021-04-07,3,0.1428571429,4,0,"April",0,22.082498550415,13.5458993911743,5.00950002670288,19.7052001953125,0.785999953746796,6.62619972229004,71.7011970673921,"northern","inland"
"22","McLaughlin",2021-04-07,4,0.6666666667,4,1,"April",0,22.082498550415,13.5458993911743,5.00950002670288,19.7052001953125,0.785999953746796,6.62619972229004,71.7011970673921,"northern","inland"
"23","McLaughlin",2021-04-07,5,0.25,4,0,"April",0,22.082498550415,13.5458993911743,5.00950002670288,19.7052001953125,0.785999953746796,6.62619972229004,71.7011970673921,"northern","inland"
"24","McLaughlin",2021-04-07,6,0.4444444444,4,1,"April",0,22.082498550415,13.5458993911743,5.00950002670288,19.7052001953125,0.785999953746796,6.62619972229004,71.7011970673921,"northern","inland"
"25","Quail Ridge",2021-04-08,1,0.8,4,0,"April",0,22.5774002075195,13.5971994400024,4.61709976196289,19.8226985931396,0.52319997549057,3.8034999370575,44.7990992695558,"northern","inland"
"26","Quail Ridge",2021-04-08,2,0.7777777778,4,0,"April",0,22.5774002075195,13.5971994400024,4.61709976196289,19.8226985931396,0.52319997549057,3.8034999370575,44.7990992695558,"northern","inland"
"27","Quail Ridge",2021-04-08,3,0.7368421053,4,0,"April",0,22.5774002075195,13.5971994400024,4.61709976196289,19.8226985931396,0.52319997549057,3.8034999370575,44.7990992695558,"northern","inland"
"28","Quail Ridge",2021-04-08,4,0,4,0,"April",0,22.5774002075195,13.5971994400024,4.61709976196289,19.8226985931396,0.52319997549057,3.8034999370575,44.7990992695558,"northern","inland"
"29","Fort Ord",2021-04-10,1,0,4,0,"April",0,13.1535997390747,9.87839984893799,6.60329961776733,5.24659967422485,0.807500004768372,1.2652999162674,36.1705998778343,"central","coastal"
"30","Fort Ord",2021-04-10,2,0,4,0,"April",0,13.1535997390747,9.87839984893799,6.60329961776733,5.24659967422485,0.807500004768372,1.2652999162674,36.1705998778343,"central","coastal"
"31","Hastings",2021-04-10,1,1,4,0,"April",0,18.3502998352051,10.9327001571655,3.51529979705811,14.4722995758057,0.803299963474274,1.47359991073608,50.89389950037,"central","inland"
"32","Hastings",2021-04-10,2,0.3243243243,4,1,"April",0,18.3502998352051,10.9327001571655,3.51529979705811,14.4722995758057,0.803299963474274,1.47359991073608,50.89389950037,"central","inland"
"33","Hastings",2021-04-10,3,1,4,0,"April",0,18.3502998352051,10.9327001571655,3.51529979705811,14.4722995758057,0.803299963474274,1.47359991073608,50.89389950037,"central","inland"
"34","Hastings",2021-04-10,4,0,4,0,"April",0,18.3502998352051,10.9327001571655,3.51529979705811,14.4722995758057,0.803299963474274,1.47359991073608,50.89389950037,"central","inland"
"35","Hastings",2021-04-10,5,1,4,0,"April",0,18.3502998352051,10.9327001571655,3.51529979705811,14.4722995758057,0.803299963474274,1.47359991073608,50.89389950037,"central","inland"
"36","Hastings",2021-04-10,6,0,4,0,"April",0,18.3502998352051,10.9327001571655,3.51529979705811,14.4722995758057,0.803299963474274,1.47359991073608,50.89389950037,"central","inland"
"37","Hastings",2021-04-10,7,0.5,4,1,"April",0,18.3502998352051,10.9327001571655,3.51529979705811,14.4722995758057,0.803299963474274,1.47359991073608,50.89389950037,"central","inland"
"38","Rancho Marino",2021-04-11,1,0.4583333333,4,1,"April",0,14.3526992797852,9.33549976348877,4.31850004196167,4.34389972686768,0.143999993801117,0,32.2174990773201,"central","coastal"
"39","Rancho Marino",2021-04-11,2,0.75,4,0,"April",0,14.3526992797852,9.33549976348877,4.31850004196167,4.34389972686768,0.143999993801117,0,32.2174990773201,"central","coastal"
"40","Rancho Marino",2021-04-11,3,0.8181818182,4,0,"April",0,14.3526992797852,9.33549976348877,4.31850004196167,4.34389972686768,0.143999993801117,0,32.2174990773201,"central","coastal"
"41","Rancho Marino",2021-04-11,4,1,4,0,"April",0,14.3526992797852,9.33549976348877,4.31850004196167,4.34389972686768,0.143999993801117,0,32.2174990773201,"central","coastal"
"42","Rancho Marino",2021-04-11,5,0.3793103448,4,1,"April",0,14.3526992797852,9.33549976348877,4.31850004196167,4.34389972686768,0.143999993801117,0,32.2174990773201,"central","coastal"
"43","Rancho Marino",2021-04-11,6,0.7777777778,4,0,"April",0,14.3526992797852,9.33549976348877,4.31850004196167,4.34389972686768,0.143999993801117,0,32.2174990773201,"central","coastal"
"44","Rancho Marino",2021-04-11,7,0.8333333333,4,0,"April",0,14.3526992797852,9.33549976348877,4.31850004196167,4.34389972686768,0.143999993801117,0,32.2174990773201,"central","coastal"
"45","Rancho Marino",2021-04-11,8,0.4634146341,4,1,"April",0,14.3526992797852,9.33549976348877,4.31850004196167,4.34389972686768,0.143999993801117,0,32.2174990773201,"central","coastal"
"46","Rancho Marino",2021-04-11,9,0.75,4,0,"April",0,14.3526992797852,9.33549976348877,4.31850004196167,4.34389972686768,0.143999993801117,0,32.2174990773201,"central","coastal"
"47","Rancho Marino",2021-04-11,10,0.3333333333,4,1,"April",0,14.3526992797852,9.33549976348877,4.31850004196167,4.34389972686768,0.143999993801117,0,32.2174990773201,"central","coastal"
"48","Rancho Marino",2021-04-11,11,0.6666666667,4,1,"April",0,14.3526992797852,9.33549976348877,4.31850004196167,4.34389972686768,0.143999993801117,0,32.2174990773201,"central","coastal"
"49","Rancho Marino",2021-04-11,12,0.641025641,4,1,"April",0,14.3526992797852,9.33549976348877,4.31850004196167,4.34389972686768,0.143999993801117,0,32.2174990773201,"central","coastal"
"50","Rancho Marino",2021-04-11,13,0.7777777778,4,0,"April",0,14.3526992797852,9.33549976348877,4.31850004196167,4.34389972686768,0.143999993801117,0,32.2174990773201,"central","coastal"
"51","Rancho Marino",2021-04-11,14,0.4444444444,4,1,"April",0,14.3526992797852,9.33549976348877,4.31850004196167,4.34389972686768,0.143999993801117,0,32.2174990773201,"central","coastal"
"52","Rancho Marino",2021-04-11,15,0.6111111111,4,1,"April",0,14.3526992797852,9.33549976348877,4.31850004196167,4.34389972686768,0.143999993801117,0,32.2174990773201,"central","coastal"
"53","Big Creek",2021-04-12,1,1,4,0,"April",0,14.1205997467041,12.4362001419067,10.7519998550415,5.82690000534058,1.93789994716644,0.875,64.5374978482723,"central","coastal"
"54","Big Creek",2021-04-12,2,1,4,0,"April",0,14.1205997467041,12.4362001419067,10.7519998550415,5.82690000534058,1.93789994716644,0.875,64.5374978482723,"central","coastal"
"55","Big Creek",2021-04-12,3,1,4,0,"April",0,14.1205997467041,12.4362001419067,10.7519998550415,5.82690000534058,1.93789994716644,0.875,64.5374978482723,"central","coastal"
"56","Big Creek",2021-04-12,4,0,4,0,"April",0,14.1205997467041,12.4362001419067,10.7519998550415,5.82690000534058,1.93789994716644,0.875,64.5374978482723,"central","coastal"
"57","Big Creek",2021-04-12,5,0.3333333333,4,1,"April",0,14.1205997467041,12.4362001419067,10.7519998550415,5.82690000534058,1.93789994716644,0.875,64.5374978482723,"central","coastal"
"58","Big Creek",2021-04-12,6,0,4,0,"April",0,14.1205997467041,12.4362001419067,10.7519998550415,5.82690000534058,1.93789994716644,0.875,64.5374978482723,"central","coastal"
"59","Big Creek",2021-04-12,7,0,4,0,"April",0,14.1205997467041,12.4362001419067,10.7519998550415,5.82690000534058,1.93789994716644,0.875,64.5374978482723,"central","coastal"
"60","Big Creek",2021-04-12,8,0,4,0,"April",0,14.1205997467041,12.4362001419067,10.7519998550415,5.82690000534058,1.93789994716644,0.875,64.5374978482723,"central","coastal"
"61","Big Creek",2021-04-12,9,0,4,0,"April",0,14.1205997467041,12.4362001419067,10.7519998550415,5.82690000534058,1.93789994716644,0.875,64.5374978482723,"central","coastal"
"62","Big Creek",2021-04-12,10,1,4,0,"April",0,14.1205997467041,12.4362001419067,10.7519998550415,5.82690000534058,1.93789994716644,0.875,64.5374978482723,"central","coastal"
"63","Big Creek",2021-04-12,11,0,4,0,"April",0,14.1205997467041,12.4362001419067,10.7519998550415,5.82690000534058,1.93789994716644,0.875,64.5374978482723,"central","coastal"
"64","Big Creek",2021-04-12,12,1,4,0,"April",0,14.1205997467041,12.4362001419067,10.7519998550415,5.82690000534058,1.93789994716644,0.875,64.5374978482723,"central","coastal"
"65","Stunt Ranch",2021-04-14,1,0.6,4,1,"April",0,14.5808000564575,10.8541994094849,7.12769985198975,5.40889978408813,0.710599958896637,0,27.0947994589805,"southern","inland"
"66","Stunt Ranch",2021-04-14,2,1,4,0,"April",0,14.5808000564575,10.8541994094849,7.12769985198975,5.40889978408813,0.710599958896637,0,27.0947994589805,"southern","inland"
"67","Stunt Ranch",2021-04-14,3,1,4,0,"April",0,14.5808000564575,10.8541994094849,7.12769985198975,5.40889978408813,0.710599958896637,0,27.0947994589805,"southern","inland"
"68","Stunt Ranch",2021-04-14,4,0.6666666667,4,1,"April",0,14.5808000564575,10.8541994094849,7.12769985198975,5.40889978408813,0.710599958896637,0,27.0947994589805,"southern","inland"
"69","Stunt Ranch",2021-04-14,5,1,4,0,"April",0,14.5808000564575,10.8541994094849,7.12769985198975,5.40889978408813,0.710599958896637,0,27.0947994589805,"southern","inland"
"70","Stunt Ranch",2021-04-14,6,0.5,4,1,"April",0,14.5808000564575,10.8541994094849,7.12769985198975,5.40889978408813,0.710599958896637,0,27.0947994589805,"southern","inland"
"71","Stunt Ranch",2021-04-14,7,0.7142857143,4,0,"April",0,14.5808000564575,10.8541994094849,7.12769985198975,5.40889978408813,0.710599958896637,0,27.0947994589805,"southern","inland"
"72","Stunt Ranch",2021-04-14,8,0,4,0,"April",0,14.5808000564575,10.8541994094849,7.12769985198975,5.40889978408813,0.710599958896637,0,27.0947994589805,"southern","inland"
"73","Stunt Ranch",2021-04-14,9,1,4,0,"April",0,14.5808000564575,10.8541994094849,7.12769985198975,5.40889978408813,0.710599958896637,0,27.0947994589805,"southern","inland"
"74","Stunt Ranch",2021-04-14,10,1,4,0,"April",0,14.5808000564575,10.8541994094849,7.12769985198975,5.40889978408813,0.710599958896637,0,27.0947994589805,"southern","inland"
"75","Stunt Ranch",2021-04-14,11,0.6666666667,4,1,"April",0,14.5808000564575,10.8541994094849,7.12769985198975,5.40889978408813,0.710599958896637,0,27.0947994589805,"southern","inland"
"76","Stunt Ranch",2021-04-14,12,0.5,4,1,"April",0,14.5808000564575,10.8541994094849,7.12769985198975,5.40889978408813,0.710599958896637,0,27.0947994589805,"southern","inland"
"77","Stunt Ranch",2021-04-14,13,1,4,0,"April",0,14.5808000564575,10.8541994094849,7.12769985198975,5.40889978408813,0.710599958896637,0,27.0947994589805,"southern","inland"
"78","Stunt Ranch",2021-04-14,14,0.1428571429,4,0,"April",0,14.5808000564575,10.8541994094849,7.12769985198975,5.40889978408813,0.710599958896637,0,27.0947994589805,"southern","inland"
"79","Stunt Ranch",2021-04-14,15,1,4,0,"April",0,14.5808000564575,10.8541994094849,7.12769985198975,5.40889978408813,0.710599958896637,0,27.0947994589805,"southern","inland"
"80","Sedgwick",2021-04-15,1,0.4285714286,4,1,"April",0,16.0970001220703,8.94040012359619,1.78380000591278,9.85299968719482,0.351999998092651,1.1402999162674,35.1180995106697,"southern","inland"
"81","Sedgwick",2021-04-15,2,0.25,4,0,"April",0,16.0970001220703,8.94040012359619,1.78380000591278,9.85299968719482,0.351999998092651,1.1402999162674,35.1180995106697,"southern","inland"
"82","Sedgwick",2021-04-15,3,0.75,4,0,"April",0,16.0970001220703,8.94040012359619,1.78380000591278,9.85299968719482,0.351999998092651,1.1402999162674,35.1180995106697,"southern","inland"
"83","Sedgwick",2021-04-15,4,0,4,0,"April",0,16.0970001220703,8.94040012359619,1.78380000591278,9.85299968719482,0.351999998092651,1.1402999162674,35.1180995106697,"southern","inland"
"84","Sedgwick",2021-04-15,5,0.8571428571,4,0,"April",0,16.0970001220703,8.94040012359619,1.78380000591278,9.85299968719482,0.351999998092651,1.1402999162674,35.1180995106697,"southern","inland"
"85","Sedgwick",2021-04-15,6,0.8666666667,4,0,"April",0,16.0970001220703,8.94040012359619,1.78380000591278,9.85299968719482,0.351999998092651,1.1402999162674,35.1180995106697,"southern","inland"
"86","Sedgwick",2021-04-15,7,0,4,0,"April",0,16.0970001220703,8.94040012359619,1.78380000591278,9.85299968719482,0.351999998092651,1.1402999162674,35.1180995106697,"southern","inland"
"87","Sedgwick",2021-04-15,8,0.5714285714,4,1,"April",0,16.0970001220703,8.94040012359619,1.78380000591278,9.85299968719482,0.351999998092651,1.1402999162674,35.1180995106697,"southern","inland"
"88","Sedgwick",2021-04-15,9,0,4,0,"April",0,16.0970001220703,8.94040012359619,1.78380000591278,9.85299968719482,0.351999998092651,1.1402999162674,35.1180995106697,"southern","inland"
"89","Coal Oil Point",2021-04-16,1,0,4,0,"April",0,15.9682998657227,10.9893999099731,6.0105996131897,6.10459995269775,0.567099988460541,2.02319997549057,32.8756989093963,"southern","coastal"
"90","Santa Cruz Island",2021-04-17,1,0,4,0,"April",0,21.0546989440918,14.3330993652344,7.61169958114624,17.2880001068115,0.465299993753433,0,17.3459993600845,"southern","inland"
"91","Santa Cruz Island",2021-04-17,2,1,4,0,"April",0,21.0546989440918,14.3330993652344,7.61169958114624,17.2880001068115,0.465299993753433,0,17.3459993600845,"southern","inland"
"92","Santa Cruz Island",2021-04-17,3,1,4,0,"April",0,21.0546989440918,14.3330993652344,7.61169958114624,17.2880001068115,0.465299993753433,0,17.3459993600845,"southern","inland"
"93","McLaughlin",2021-05-05,1,0.5,5,1,"May",0,29.6961994171143,21.0076999664307,12.319299697876,33.456298828125,5.20160007476807,0,6.62619972229004,"northern","inland"
"94","McLaughlin",2021-05-05,2,0.5,5,1,"May",0,29.6961994171143,21.0076999664307,12.319299697876,33.456298828125,5.20160007476807,0,6.62619972229004,"northern","inland"
"95","McLaughlin",2021-05-05,3,1,5,0,"May",0,29.6961994171143,21.0076999664307,12.319299697876,33.456298828125,5.20160007476807,0,6.62619972229004,"northern","inland"
"96","McLaughlin",2021-05-05,4,0.7692307692,5,0,"May",0,29.6961994171143,21.0076999664307,12.319299697876,33.456298828125,5.20160007476807,0,6.62619972229004,"northern","inland"
"97","Quail Ridge",2021-05-06,1,0.6538461538,5,1,"May",0,35.5480995178223,22.9293994903564,10.3108997344971,48.4339981079102,1.84009993076324,0,3.8034999370575,"northern","inland"
"98","Quail Ridge",2021-05-06,2,0.3333333333,5,1,"May",0,35.5480995178223,22.9293994903564,10.3108997344971,48.4339981079102,1.84009993076324,0,3.8034999370575,"northern","inland"
"99","Fort Ord",2021-05-07,1,0.2222222222,5,0,"May",0,15.023699760437,10.6568994522095,6.29019975662231,7.07379961013794,0.742500007152557,3.03689998388291,1.2652999162674,"central","coastal"
"100","Fort Ord",2021-05-08,2,0.6666666667,5,1,"May",0,15.023699760437,10.6568994522095,6.29019975662231,7.07379961013794,0.742500007152557,3.03689998388291,1.2652999162674,"central","coastal"
"101","Fort Ord",2021-05-08,3,0,5,0,"May",0,15.023699760437,10.6568994522095,6.29019975662231,7.07379961013794,0.742500007152557,3.03689998388291,1.2652999162674,"central","coastal"
"102","Fort Ord",2021-05-08,4,1,5,0,"May",0,15.023699760437,10.6568994522095,6.29019975662231,7.07379961013794,0.742500007152557,3.03689998388291,1.2652999162674,"central","coastal"
"103","Fort Ord",2021-05-08,5,0.1428571429,5,0,"May",0,15.023699760437,10.6568994522095,6.29019975662231,7.07379961013794,0.742500007152557,3.03689998388291,1.2652999162674,"central","coastal"
"104","Fort Ord",2021-05-08,6,0.09090909091,5,0,"May",0,15.023699760437,10.6568994522095,6.29019975662231,7.07379961013794,0.742500007152557,3.03689998388291,1.2652999162674,"central","coastal"
"105","Fort Ord",2021-05-08,7,0,5,0,"May",0,15.023699760437,10.6568994522095,6.29019975662231,7.07379961013794,0.742500007152557,3.03689998388291,1.2652999162674,"central","coastal"
"106","Fort Ord",2021-05-08,8,0.1666666667,5,0,"May",0,15.023699760437,10.6568994522095,6.29019975662231,7.07379961013794,0.742500007152557,3.03689998388291,1.2652999162674,"central","coastal"
"107","Fort Ord",2021-05-08,9,0.1818181818,5,0,"May",0,15.023699760437,10.6568994522095,6.29019975662231,7.07379961013794,0.742500007152557,3.03689998388291,1.2652999162674,"central","coastal"
"108","Fort Ord",2021-05-08,10,0.2857142857,5,0,"May",0,15.023699760437,10.6568994522095,6.29019975662231,7.07379961013794,0.742500007152557,3.03689998388291,1.2652999162674,"central","coastal"
"109","Fort Ord",2021-05-08,11,0.3333333333,5,1,"May",0,15.023699760437,10.6568994522095,6.29019975662231,7.07379961013794,0.742500007152557,3.03689998388291,1.2652999162674,"central","coastal"
"110","Fort Ord",2021-05-08,12,0,5,0,"May",0,15.023699760437,10.6568994522095,6.29019975662231,7.07379961013794,0.742500007152557,3.03689998388291,1.2652999162674,"central","coastal"
"111","Fort Ord",2021-05-08,13,0,5,0,"May",0,15.023699760437,10.6568994522095,6.29019975662231,7.07379961013794,0.742500007152557,3.03689998388291,1.2652999162674,"central","coastal"
"112","Fort Ord",2021-05-08,14,0,5,0,"May",0,15.023699760437,10.6568994522095,6.29019975662231,7.07379961013794,0.742500007152557,3.03689998388291,1.2652999162674,"central","coastal"
"113","Fort Ord",2021-05-08,15,0.2222222222,5,0,"May",0,15.023699760437,10.6568994522095,6.29019975662231,7.07379961013794,0.742500007152557,3.03689998388291,1.2652999162674,"central","coastal"
"114","Hastings",2021-05-09,1,0,5,0,"May",0,24.934398651123,16.8918991088867,8.84959983825684,26.7840995788574,4.03719997406006,0,1.47359991073608,"central","inland"
"115","Hastings",2021-05-09,2,0.5333333333,5,1,"May",0,24.934398651123,16.8918991088867,8.84959983825684,26.7840995788574,4.03719997406006,0,1.47359991073608,"central","inland"
"116","Hastings",2021-05-09,3,0,5,0,"May",0,24.934398651123,16.8918991088867,8.84959983825684,26.7840995788574,4.03719997406006,0,1.47359991073608,"central","inland"
"117","Hastings",2021-05-09,4,0,5,0,"May",0,24.934398651123,16.8918991088867,8.84959983825684,26.7840995788574,4.03719997406006,0,1.47359991073608,"central","inland"
"118","Hastings",2021-05-09,5,1,5,0,"May",0,24.934398651123,16.8918991088867,8.84959983825684,26.7840995788574,4.03719997406006,0,1.47359991073608,"central","inland"
"119","Hastings",2021-05-09,6,0,5,0,"May",0,24.934398651123,16.8918991088867,8.84959983825684,26.7840995788574,4.03719997406006,0,1.47359991073608,"central","inland"
"120","Hastings",2021-05-09,7,0.4615384615,5,1,"May",0,24.934398651123,16.8918991088867,8.84959983825684,26.7840995788574,4.03719997406006,0,1.47359991073608,"central","inland"
"121","Hastings",2021-05-09,8,0,5,0,"May",0,24.934398651123,16.8918991088867,8.84959983825684,26.7840995788574,4.03719997406006,0,1.47359991073608,"central","inland"
"122","Hastings",2021-05-09,9,0.6666666667,5,1,"May",0,24.934398651123,16.8918991088867,8.84959983825684,26.7840995788574,4.03719997406006,0,1.47359991073608,"central","inland"
"123","Hastings",2021-05-09,10,1,5,0,"May",0,24.934398651123,16.8918991088867,8.84959983825684,26.7840995788574,4.03719997406006,0,1.47359991073608,"central","inland"
"124","Hastings",2021-05-09,11,0,5,0,"May",0,24.934398651123,16.8918991088867,8.84959983825684,26.7840995788574,4.03719997406006,0,1.47359991073608,"central","inland"
"125","Hastings",2021-05-09,12,0.25,5,0,"May",0,24.934398651123,16.8918991088867,8.84959983825684,26.7840995788574,4.03719997406006,0,1.47359991073608,"central","inland"
"126","Hastings",2021-05-09,13,0.1111111111,5,0,"May",0,24.934398651123,16.8918991088867,8.84959983825684,26.7840995788574,4.03719997406006,0,1.47359991073608,"central","inland"
"127","Hastings",2021-05-09,14,0.0625,5,0,"May",0,24.934398651123,16.8918991088867,8.84959983825684,26.7840995788574,4.03719997406006,0,1.47359991073608,"central","inland"
"128","Hastings",2021-05-09,15,0.6666666667,5,1,"May",0,24.934398651123,16.8918991088867,8.84959983825684,26.7840995788574,4.03719997406006,0,1.47359991073608,"central","inland"
"129","Big Creek",2021-05-10,1,0,5,0,"May",0,21.6950988769531,17.0128993988037,12.3308000564575,17.4251003265381,4.541100025177,0,0.875,"central","coastal"
"130","Big Creek",2021-05-10,2,0,5,0,"May",0,21.6950988769531,17.0128993988037,12.3308000564575,17.4251003265381,4.541100025177,0,0.875,"central","coastal"
"131","Big Creek",2021-05-10,3,1,5,0,"May",0,21.6950988769531,17.0128993988037,12.3308000564575,17.4251003265381,4.541100025177,0,0.875,"central","coastal"
"132","Big Creek",2021-05-10,4,1,5,0,"May",0,21.6950988769531,17.0128993988037,12.3308000564575,17.4251003265381,4.541100025177,0,0.875,"central","coastal"
"133","Big Creek",2021-05-10,5,0.3333333333,5,1,"May",0,21.6950988769531,17.0128993988037,12.3308000564575,17.4251003265381,4.541100025177,0,0.875,"central","coastal"
"134","Big Creek",2021-05-10,6,0.3333333333,5,1,"May",0,21.6950988769531,17.0128993988037,12.3308000564575,17.4251003265381,4.541100025177,0,0.875,"central","coastal"
"135","Big Creek",2021-05-10,7,1,5,0,"May",0,21.6950988769531,17.0128993988037,12.3308000564575,17.4251003265381,4.541100025177,0,0.875,"central","coastal"
"136","Big Creek",2021-05-10,8,0.4,5,1,"May",0,21.6950988769531,17.0128993988037,12.3308000564575,17.4251003265381,4.541100025177,0,0.875,"central","coastal"
"137","Big Creek",2021-05-10,9,1,5,0,"May",0,21.6950988769531,17.0128993988037,12.3308000564575,17.4251003265381,4.541100025177,0,0.875,"central","coastal"
"138","Big Creek",2021-05-10,10,0.7777777778,5,0,"May",0,21.6950988769531,17.0128993988037,12.3308000564575,17.4251003265381,4.541100025177,0,0.875,"central","coastal"
"139","Big Creek",2021-05-10,11,1,5,0,"May",0,21.6950988769531,17.0128993988037,12.3308000564575,17.4251003265381,4.541100025177,0,0.875,"central","coastal"
"140","Big Creek",2021-05-10,12,0.7142857143,5,0,"May",0,21.6950988769531,17.0128993988037,12.3308000564575,17.4251003265381,4.541100025177,0,0.875,"central","coastal"
"141","Big Creek",2021-05-10,13,0,5,0,"May",0,21.6950988769531,17.0128993988037,12.3308000564575,17.4251003265381,4.541100025177,0,0.875,"central","coastal"
"142","Big Creek",2021-05-10,14,0,5,0,"May",0,21.6950988769531,17.0128993988037,12.3308000564575,17.4251003265381,4.541100025177,0,0.875,"central","coastal"
"143","Big Creek",2021-05-10,15,0,5,0,"May",0,21.6950988769531,17.0128993988037,12.3308000564575,17.4251003265381,4.541100025177,0,0.875,"central","coastal"
"144","Rancho Marino",2021-05-11,1,0.7647058824,5,0,"May",0,14.7982997894287,11.633599281311,8.46909999847412,3.11479997634888,0.0362999998033047,0.858299970626831,0,"central","coastal"
"145","Rancho Marino",2021-05-11,2,0.8333333333,5,0,"May",0,14.7982997894287,11.633599281311,8.46909999847412,3.11479997634888,0.0362999998033047,0.858299970626831,0,"central","coastal"
"146","Rancho Marino",2021-05-11,3,0.9,5,0,"May",0,14.7982997894287,11.633599281311,8.46909999847412,3.11479997634888,0.0362999998033047,0.858299970626831,0,"central","coastal"
"147","Rancho Marino",2021-05-11,4,0.5555555556,5,1,"May",0,14.7982997894287,11.633599281311,8.46909999847412,3.11479997634888,0.0362999998033047,0.858299970626831,0,"central","coastal"
"148","Rancho Marino",2021-05-11,5,0.2448979592,5,0,"May",0,14.7982997894287,11.633599281311,8.46909999847412,3.11479997634888,0.0362999998033047,0.858299970626831,0,"central","coastal"
"149","Rancho Marino",2021-05-11,6,0.5238095238,5,1,"May",0,14.7982997894287,11.633599281311,8.46909999847412,3.11479997634888,0.0362999998033047,0.858299970626831,0,"central","coastal"
"150","Rancho Marino",2021-05-11,7,0.1428571429,5,0,"May",0,14.7982997894287,11.633599281311,8.46909999847412,3.11479997634888,0.0362999998033047,0.858299970626831,0,"central","coastal"
"151","Rancho Marino",2021-05-11,8,0.4347826087,5,1,"May",0,14.7982997894287,11.633599281311,8.46909999847412,3.11479997634888,0.0362999998033047,0.858299970626831,0,"central","coastal"
"152","Rancho Marino",2021-05-11,9,0.3333333333,5,1,"May",0,14.7982997894287,11.633599281311,8.46909999847412,3.11479997634888,0.0362999998033047,0.858299970626831,0,"central","coastal"
"153","Rancho Marino",2021-05-11,10,0.75,5,0,"May",0,14.7982997894287,11.633599281311,8.46909999847412,3.11479997634888,0.0362999998033047,0.858299970626831,0,"central","coastal"
"154","Rancho Marino",2021-05-11,11,0.25,5,0,"May",0,14.7982997894287,11.633599281311,8.46909999847412,3.11479997634888,0.0362999998033047,0.858299970626831,0,"central","coastal"
"155","Rancho Marino",2021-05-11,12,0.4,5,1,"May",0,14.7982997894287,11.633599281311,8.46909999847412,3.11479997634888,0.0362999998033047,0.858299970626831,0,"central","coastal"
"156","Rancho Marino",2021-05-11,13,0,5,0,"May",0,14.7982997894287,11.633599281311,8.46909999847412,3.11479997634888,0.0362999998033047,0.858299970626831,0,"central","coastal"
"157","Rancho Marino",2021-05-11,14,1,5,0,"May",0,14.7982997894287,11.633599281311,8.46909999847412,3.11479997634888,0.0362999998033047,0.858299970626831,0,"central","coastal"
"158","Rancho Marino",2021-05-11,15,0,5,0,"May",0,14.7982997894287,11.633599281311,8.46909999847412,3.11479997634888,0.0362999998033047,0.858299970626831,0,"central","coastal"
"159","Stunt Ranch",2021-05-12,1,1,5,0,"May",0,22.4778003692627,16.3808002471924,10.2839994430542,13.3112993240356,0.163599997758865,0,0,"southern","inland"
"160","Stunt Ranch",2021-05-12,2,0,5,0,"May",0,22.4778003692627,16.3808002471924,10.2839994430542,13.3112993240356,0.163599997758865,0,0,"southern","inland"
"161","Stunt Ranch",2021-05-12,3,0,5,0,"May",0,22.4778003692627,16.3808002471924,10.2839994430542,13.3112993240356,0.163599997758865,0,0,"southern","inland"
"162","Stunt Ranch",2021-05-12,4,0,5,0,"May",0,22.4778003692627,16.3808002471924,10.2839994430542,13.3112993240356,0.163599997758865,0,0,"southern","inland"
"163","Stunt Ranch",2021-05-12,5,0,5,0,"May",0,22.4778003692627,16.3808002471924,10.2839994430542,13.3112993240356,0.163599997758865,0,0,"southern","inland"
"164","Stunt Ranch",2021-05-12,6,0,5,0,"May",0,22.4778003692627,16.3808002471924,10.2839994430542,13.3112993240356,0.163599997758865,0,0,"southern","inland"
"165","Stunt Ranch",2021-05-12,7,0,5,0,"May",0,22.4778003692627,16.3808002471924,10.2839994430542,13.3112993240356,0.163599997758865,0,0,"southern","inland"
"166","Stunt Ranch",2021-05-12,8,0,5,0,"May",0,22.4778003692627,16.3808002471924,10.2839994430542,13.3112993240356,0.163599997758865,0,0,"southern","inland"
"167","Stunt Ranch",2021-05-12,9,0,5,0,"May",0,22.4778003692627,16.3808002471924,10.2839994430542,13.3112993240356,0.163599997758865,0,0,"southern","inland"
"168","Stunt Ranch",2021-05-12,10,0,5,0,"May",0,22.4778003692627,16.3808002471924,10.2839994430542,13.3112993240356,0.163599997758865,0,0,"southern","inland"
"169","Stunt Ranch",2021-05-12,11,0,5,0,"May",0,22.4778003692627,16.3808002471924,10.2839994430542,13.3112993240356,0.163599997758865,0,0,"southern","inland"
"170","Stunt Ranch",2021-05-12,12,0,5,0,"May",0,22.4778003692627,16.3808002471924,10.2839994430542,13.3112993240356,0.163599997758865,0,0,"southern","inland"
"171","Sedgwick",2021-05-13,1,1,5,0,"May",0,26.8193988800049,17.5137996673584,8.20829963684082,20.8088989257812,0.390699982643127,0,1.1402999162674,"southern","inland"
"172","Sedgwick",2021-05-13,2,0,5,0,"May",0,26.8193988800049,17.5137996673584,8.20829963684082,20.8088989257812,0.390699982643127,0,1.1402999162674,"southern","inland"
"173","Sedgwick",2021-05-13,3,1,5,0,"May",0,26.8193988800049,17.5137996673584,8.20829963684082,20.8088989257812,0.390699982643127,0,1.1402999162674,"southern","inland"
"174","Sedgwick",2021-05-13,4,1,5,0,"May",0,26.8193988800049,17.5137996673584,8.20829963684082,20.8088989257812,0.390699982643127,0,1.1402999162674,"southern","inland"
"175","Sedgwick",2021-05-13,5,0,5,0,"May",0,26.8193988800049,17.5137996673584,8.20829963684082,20.8088989257812,0.390699982643127,0,1.1402999162674,"southern","inland"
"176","Sedgwick",2021-05-13,6,1,5,0,"May",0,26.8193988800049,17.5137996673584,8.20829963684082,20.8088989257812,0.390699982643127,0,1.1402999162674,"southern","inland"
"177","Sedgwick",2021-05-13,7,1,5,0,"May",0,26.8193988800049,17.5137996673584,8.20829963684082,20.8088989257812,0.390699982643127,0,1.1402999162674,"southern","inland"
"178","Sedgwick",2021-05-13,8,0,5,0,"May",0,26.8193988800049,17.5137996673584,8.20829963684082,20.8088989257812,0.390699982643127,0,1.1402999162674,"southern","inland"
"179","Coal Oil Point",2021-05-15,1,0,5,0,"May",0,15.8888998031616,14.1061992645264,12.3235998153687,3.59329986572266,0.655799984931946,1.95609998703003,2.02319997549057,"southern","coastal"
"180","Coal Oil Point",2021-05-15,2,0,5,0,"May",0,15.8888998031616,14.1061992645264,12.3235998153687,3.59329986572266,0.655799984931946,1.95609998703003,2.02319997549057,"southern","coastal"
"181","Coal Oil Point",2021-05-15,3,1,5,0,"May",0,15.8888998031616,14.1061992645264,12.3235998153687,3.59329986572266,0.655799984931946,1.95609998703003,2.02319997549057,"southern","coastal"
"182","Coal Oil Point",2021-05-15,4,0,5,0,"May",0,15.8888998031616,14.1061992645264,12.3235998153687,3.59329986572266,0.655799984931946,1.95609998703003,2.02319997549057,"southern","coastal"
"183","Coal Oil Point",2021-05-15,5,0,5,0,"May",0,15.8888998031616,14.1061992645264,12.3235998153687,3.59329986572266,0.655799984931946,1.95609998703003,2.02319997549057,"southern","coastal"
"184","Coal Oil Point",2021-05-15,6,0,5,0,"May",0,15.8888998031616,14.1061992645264,12.3235998153687,3.59329986572266,0.655799984931946,1.95609998703003,2.02319997549057,"southern","coastal"
"185","Coal Oil Point",2021-05-15,7,0,5,0,"May",0,15.8888998031616,14.1061992645264,12.3235998153687,3.59329986572266,0.655799984931946,1.95609998703003,2.02319997549057,"southern","coastal"
"186","Coal Oil Point",2021-05-15,8,0,5,0,"May",0,15.8888998031616,14.1061992645264,12.3235998153687,3.59329986572266,0.655799984931946,1.95609998703003,2.02319997549057,"southern","coastal"
"187","Santa Cruz Island",2021-05-16,1,0,5,0,"May",0,19.1014003753662,14.4344997406006,9.76760005950928,12.7473993301392,0.746800005435944,0,0,"southern","inland"
"188","Santa Cruz Island",2021-05-16,2,1,5,0,"May",0,19.1014003753662,14.4344997406006,9.76760005950928,12.7473993301392,0.746800005435944,0,0,"southern","inland"
"189","Santa Cruz Island",2021-05-16,3,0.5,5,1,"May",0,19.1014003753662,14.4344997406006,9.76760005950928,12.7473993301392,0.746800005435944,0,0,"southern","inland"
"190","Santa Cruz Island",2021-05-16,4,0,5,0,"May",0,19.1014003753662,14.4344997406006,9.76760005950928,12.7473993301392,0.746800005435944,0,0,"southern","inland"
"191","Santa Cruz Island",2021-05-16,5,0,5,0,"May",0,19.1014003753662,14.4344997406006,9.76760005950928,12.7473993301392,0.746800005435944,0,0,"southern","inland"
"192","Santa Cruz Island",2021-05-16,6,0,5,0,"May",0,19.1014003753662,14.4344997406006,9.76760005950928,12.7473993301392,0.746800005435944,0,0,"southern","inland"
"193","Santa Cruz Island",2021-05-16,7,1,5,0,"May",0,19.1014003753662,14.4344997406006,9.76760005950928,12.7473993301392,0.746800005435944,0,0,"southern","inland"
"194","Santa Cruz Island",2021-05-16,8,0.5,5,1,"May",0,19.1014003753662,14.4344997406006,9.76760005950928,12.7473993301392,0.746800005435944,0,0,"southern","inland"
"195","McLaughlin",2021-06-02,1,1,6,0,"June",0,37.5841979980469,27.9369983673096,18.2899990081787,57.4456977844238,11.0514001846313,0,0,"northern","inland"
"196","McLaughlin",2021-06-02,2,0,6,0,"June",0,37.5841979980469,27.9369983673096,18.2899990081787,57.4456977844238,11.0514001846313,0,0,"northern","inland"
"197","Quail Ridge",2021-06-02,1,0,6,0,"June",0,36.0377998352051,25.1767997741699,14.315899848938,46.4693984985352,3.04690003395081,0,0,"northern","inland"
"198","Quail Ridge",2021-06-02,2,1,6,0,"June",0,36.0377998352051,25.1767997741699,14.315899848938,46.4693984985352,3.04690003395081,0,0,"northern","inland"
"199","Fort Ord",2021-06-05,1,0.4,6,1,"June",0,15.0677995681763,12.7378997802734,10.4081993103027,4.79759979248047,0.682900011539459,0.496099978685379,3.03689998388291,"central","coastal"
"200","Fort Ord",2021-06-05,2,0.1538461538,6,0,"June",0,15.0677995681763,12.7378997802734,10.4081993103027,4.79759979248047,0.682900011539459,0.496099978685379,3.03689998388291,"central","coastal"
"201","Fort Ord",2021-06-05,3,0.4615384615,6,1,"June",0,15.0677995681763,12.7378997802734,10.4081993103027,4.79759979248047,0.682900011539459,0.496099978685379,3.03689998388291,"central","coastal"
"202","Fort Ord",2021-06-05,4,0,6,0,"June",0,15.0677995681763,12.7378997802734,10.4081993103027,4.79759979248047,0.682900011539459,0.496099978685379,3.03689998388291,"central","coastal"
"203","Fort Ord",2021-06-05,5,0.2,6,0,"June",0,15.0677995681763,12.7378997802734,10.4081993103027,4.79759979248047,0.682900011539459,0.496099978685379,3.03689998388291,"central","coastal"
"204","Fort Ord",2021-06-05,6,0.4285714286,6,1,"June",0,15.0677995681763,12.7378997802734,10.4081993103027,4.79759979248047,0.682900011539459,0.496099978685379,3.03689998388291,"central","coastal"
"205","Fort Ord",2021-06-05,7,0,6,0,"June",0,15.0677995681763,12.7378997802734,10.4081993103027,4.79759979248047,0.682900011539459,0.496099978685379,3.03689998388291,"central","coastal"
"206","Fort Ord",2021-06-05,8,1,6,0,"June",0,15.0677995681763,12.7378997802734,10.4081993103027,4.79759979248047,0.682900011539459,0.496099978685379,3.03689998388291,"central","coastal"
"207","Fort Ord",2021-06-05,9,0.6666666667,6,1,"June",0,15.0677995681763,12.7378997802734,10.4081993103027,4.79759979248047,0.682900011539459,0.496099978685379,3.03689998388291,"central","coastal"
"208","Fort Ord",2021-06-05,10,0.07142857143,6,0,"June",0,15.0677995681763,12.7378997802734,10.4081993103027,4.79759979248047,0.682900011539459,0.496099978685379,3.03689998388291,"central","coastal"
"209","Fort Ord",2021-06-05,11,0,6,0,"June",0,15.0677995681763,12.7378997802734,10.4081993103027,4.79759979248047,0.682900011539459,0.496099978685379,3.03689998388291,"central","coastal"
"210","Fort Ord",2021-06-05,12,0.08333333333,6,0,"June",0,15.0677995681763,12.7378997802734,10.4081993103027,4.79759979248047,0.682900011539459,0.496099978685379,3.03689998388291,"central","coastal"
"211","Fort Ord",2021-06-05,13,0.1333333333,6,0,"June",0,15.0677995681763,12.7378997802734,10.4081993103027,4.79759979248047,0.682900011539459,0.496099978685379,3.03689998388291,"central","coastal"
"212","Fort Ord",2021-06-05,14,0.2,6,0,"June",0,15.0677995681763,12.7378997802734,10.4081993103027,4.79759979248047,0.682900011539459,0.496099978685379,3.03689998388291,"central","coastal"
"213","Fort Ord",2021-06-05,15,0.05555555556,6,0,"June",0,15.0677995681763,12.7378997802734,10.4081993103027,4.79759979248047,0.682900011539459,0.496099978685379,3.03689998388291,"central","coastal"
"214","Hastings",2021-06-06,1,0,6,0,"June",0,27.7193984985352,18.7775001525879,9.83580017089844,28.2821998596191,3.03779983520508,0,0,"central","inland"
"215","Hastings",2021-06-06,2,0,6,0,"June",0,27.7193984985352,18.7775001525879,9.83580017089844,28.2821998596191,3.03779983520508,0,0,"central","inland"
"216","Hastings",2021-06-06,3,1,6,0,"June",0,27.7193984985352,18.7775001525879,9.83580017089844,28.2821998596191,3.03779983520508,0,0,"central","inland"
"217","Hastings",2021-06-06,4,1,6,0,"June",0,27.7193984985352,18.7775001525879,9.83580017089844,28.2821998596191,3.03779983520508,0,0,"central","inland"
"218","Hastings",2021-06-06,5,1,6,0,"June",0,27.7193984985352,18.7775001525879,9.83580017089844,28.2821998596191,3.03779983520508,0,0,"central","inland"
"219","Hastings",2021-06-06,6,1,6,0,"June",0,27.7193984985352,18.7775001525879,9.83580017089844,28.2821998596191,3.03779983520508,0,0,"central","inland"
"220","Hastings",2021-06-06,7,0,6,0,"June",0,27.7193984985352,18.7775001525879,9.83580017089844,28.2821998596191,3.03779983520508,0,0,"central","inland"
"221","Hastings",2021-06-06,8,1,6,0,"June",0,27.7193984985352,18.7775001525879,9.83580017089844,28.2821998596191,3.03779983520508,0,0,"central","inland"
"222","Hastings",2021-06-06,9,0,6,0,"June",0,27.7193984985352,18.7775001525879,9.83580017089844,28.2821998596191,3.03779983520508,0,0,"central","inland"
"223","Hastings",2021-06-06,10,0,6,0,"June",0,27.7193984985352,18.7775001525879,9.83580017089844,28.2821998596191,3.03779983520508,0,0,"central","inland"
"224","Hastings",2021-06-06,11,0,6,0,"June",0,27.7193984985352,18.7775001525879,9.83580017089844,28.2821998596191,3.03779983520508,0,0,"central","inland"
"225","Hastings",2021-06-06,12,1,6,0,"June",0,27.7193984985352,18.7775001525879,9.83580017089844,28.2821998596191,3.03779983520508,0,0,"central","inland"
"226","Hastings",2021-06-06,13,1,6,0,"June",0,27.7193984985352,18.7775001525879,9.83580017089844,28.2821998596191,3.03779983520508,0,0,"central","inland"
"227","Hastings",2021-06-06,14,0.6666666667,6,1,"June",0,27.7193984985352,18.7775001525879,9.83580017089844,28.2821998596191,3.03779983520508,0,0,"central","inland"
"228","Hastings",2021-06-06,15,1,6,0,"June",0,27.7193984985352,18.7775001525879,9.83580017089844,28.2821998596191,3.03779983520508,0,0,"central","inland"
"229","Big Creek",2021-06-07,1,1,6,0,"June",0,15.5492992401123,12.2754001617432,9.00169944763184,6.63479995727539,0.287999987602234,0,0,"central","coastal"
"230","Big Creek",2021-06-07,2,0,6,0,"June",0,15.5492992401123,12.2754001617432,9.00169944763184,6.63479995727539,0.287999987602234,0,0,"central","coastal"
"231","Big Creek",2021-06-07,3,0,6,0,"June",0,15.5492992401123,12.2754001617432,9.00169944763184,6.63479995727539,0.287999987602234,0,0,"central","coastal"
"232","Big Creek",2021-06-07,4,0,6,0,"June",0,15.5492992401123,12.2754001617432,9.00169944763184,6.63479995727539,0.287999987602234,0,0,"central","coastal"
"233","Big Creek",2021-06-07,5,0,6,0,"June",0,15.5492992401123,12.2754001617432,9.00169944763184,6.63479995727539,0.287999987602234,0,0,"central","coastal"
"234","Big Creek",2021-06-07,6,0.3333333333,6,1,"June",0,15.5492992401123,12.2754001617432,9.00169944763184,6.63479995727539,0.287999987602234,0,0,"central","coastal"
"235","Big Creek",2021-06-07,7,1,6,0,"June",0,15.5492992401123,12.2754001617432,9.00169944763184,6.63479995727539,0.287999987602234,0,0,"central","coastal"
"236","Big Creek",2021-06-07,8,0,6,0,"June",0,15.5492992401123,12.2754001617432,9.00169944763184,6.63479995727539,0.287999987602234,0,0,"central","coastal"
"237","Big Creek",2021-06-07,9,0,6,0,"June",0,15.5492992401123,12.2754001617432,9.00169944763184,6.63479995727539,0.287999987602234,0,0,"central","coastal"
"238","Big Creek",2021-06-07,10,0,6,0,"June",0,15.5492992401123,12.2754001617432,9.00169944763184,6.63479995727539,0.287999987602234,0,0,"central","coastal"
"239","Big Creek",2021-06-07,11,1,6,0,"June",0,15.5492992401123,12.2754001617432,9.00169944763184,6.63479995727539,0.287999987602234,0,0,"central","coastal"
"240","Big Creek",2021-06-07,12,0,6,0,"June",0,15.5492992401123,12.2754001617432,9.00169944763184,6.63479995727539,0.287999987602234,0,0,"central","coastal"
"241","Big Creek",2021-06-07,13,0,6,0,"June",0,15.5492992401123,12.2754001617432,9.00169944763184,6.63479995727539,0.287999987602234,0,0,"central","coastal"
"242","Big Creek",2021-06-07,14,0,6,0,"June",0,15.5492992401123,12.2754001617432,9.00169944763184,6.63479995727539,0.287999987602234,0,0,"central","coastal"
"243","Big Creek",2021-06-07,15,0,6,0,"June",0,15.5492992401123,12.2754001617432,9.00169944763184,6.63479995727539,0.287999987602234,0,0,"central","coastal"
"244","Rancho Marino",2021-06-08,1,0.3333333333,6,1,"June",0,16.2787990570068,12.5682001113892,8.8577995300293,5.13479995727539,0.430599987506866,0,0.858299970626831,"central","coastal"
"245","Rancho Marino",2021-06-08,2,1,6,0,"June",0,16.2787990570068,12.5682001113892,8.8577995300293,5.13479995727539,0.430599987506866,0,0.858299970626831,"central","coastal"
"246","Rancho Marino",2021-06-08,3,1,6,0,"June",0,16.2787990570068,12.5682001113892,8.8577995300293,5.13479995727539,0.430599987506866,0,0.858299970626831,"central","coastal"
"247","Rancho Marino",2021-06-08,4,0.8333333333,6,0,"June",0,16.2787990570068,12.5682001113892,8.8577995300293,5.13479995727539,0.430599987506866,0,0.858299970626831,"central","coastal"
"248","Rancho Marino",2021-06-08,5,1,6,0,"June",0,16.2787990570068,12.5682001113892,8.8577995300293,5.13479995727539,0.430599987506866,0,0.858299970626831,"central","coastal"
"249","Rancho Marino",2021-06-08,6,0.75,6,0,"June",0,16.2787990570068,12.5682001113892,8.8577995300293,5.13479995727539,0.430599987506866,0,0.858299970626831,"central","coastal"
"250","Rancho Marino",2021-06-08,7,0.5,6,1,"June",0,16.2787990570068,12.5682001113892,8.8577995300293,5.13479995727539,0.430599987506866,0,0.858299970626831,"central","coastal"
"251","Rancho Marino",2021-06-08,8,0.4210526316,6,1,"June",0,16.2787990570068,12.5682001113892,8.8577995300293,5.13479995727539,0.430599987506866,0,0.858299970626831,"central","coastal"
"252","Rancho Marino",2021-06-08,9,0.5,6,1,"June",0,16.2787990570068,12.5682001113892,8.8577995300293,5.13479995727539,0.430599987506866,0,0.858299970626831,"central","coastal"
"253","Rancho Marino",2021-06-08,10,0.8,6,0,"June",0,16.2787990570068,12.5682001113892,8.8577995300293,5.13479995727539,0.430599987506866,0,0.858299970626831,"central","coastal"
"254","Rancho Marino",2021-06-08,11,0,6,0,"June",0,16.2787990570068,12.5682001113892,8.8577995300293,5.13479995727539,0.430599987506866,0,0.858299970626831,"central","coastal"
"255","Rancho Marino",2021-06-08,12,0,6,0,"June",0,16.2787990570068,12.5682001113892,8.8577995300293,5.13479995727539,0.430599987506866,0,0.858299970626831,"central","coastal"
"256","Rancho Marino",2021-06-08,13,1,6,0,"June",0,16.2787990570068,12.5682001113892,8.8577995300293,5.13479995727539,0.430599987506866,0,0.858299970626831,"central","coastal"
"257","Rancho Marino",2021-06-08,14,1,6,0,"June",0,16.2787990570068,12.5682001113892,8.8577995300293,5.13479995727539,0.430599987506866,0,0.858299970626831,"central","coastal"
"258","Rancho Marino",2021-06-08,15,1,6,0,"June",0,16.2787990570068,12.5682001113892,8.8577995300293,5.13479995727539,0.430599987506866,0,0.858299970626831,"central","coastal"
"259","Sedgwick",2021-06-09,1,0,6,0,NA,NA,NA,NA,NA,NA,NA,NA,NA,NA,NA
"260","Sedgwick",2021-06-09,2,1,6,0,NA,NA,NA,NA,NA,NA,NA,NA,NA,NA,NA
"261","Sedgwick",2021-06-09,3,0.6666666667,6,1,NA,NA,NA,NA,NA,NA,NA,NA,NA,NA,NA
"262","Sedgwick",2021-06-09,4,1,6,0,NA,NA,NA,NA,NA,NA,NA,NA,NA,NA,NA
"263","Sedgwick",2021-06-09,5,1,6,0,NA,NA,NA,NA,NA,NA,NA,NA,NA,NA,NA
"264","Sedgwick",2021-06-09,6,1,6,0,NA,NA,NA,NA,NA,NA,NA,NA,NA,NA,NA
"265","Sedgwick",2021-06-09,7,0,6,0,NA,NA,NA,NA,NA,NA,NA,NA,NA,NA,NA
"266","Sedgwick",2021-06-09,8,0.5,6,1,NA,NA,NA,NA,NA,NA,NA,NA,NA,NA,NA
"267","Sedgwick",2021-06-09,9,0,6,0,NA,NA,NA,NA,NA,NA,NA,NA,NA,NA,NA
"268","Sedgwick",2021-06-09,10,1,6,0,NA,NA,NA,NA,NA,NA,NA,NA,NA,NA,NA
"269","Sedgwick",2021-06-09,11,0,6,0,NA,NA,NA,NA,NA,NA,NA,NA,NA,NA,NA
"270","Sedgwick",2021-06-09,12,0,6,0,NA,NA,NA,NA,NA,NA,NA,NA,NA,NA,NA
"271","Coal Oil Point",2021-06-10,1,0,6,0,"June",0,22.3003997802734,16.2992992401123,10.2983999252319,17.8987998962402,3.35220003128052,1.42320001125335,1.95609998703003,"southern","coastal"
"272","Coal Oil Point",2021-06-10,2,0,6,0,"June",0,22.3003997802734,16.2992992401123,10.2983999252319,17.8987998962402,3.35220003128052,1.42320001125335,1.95609998703003,"southern","coastal"
"273","Stunt Ranch",2021-06-11,1,0,6,0,"June",0,23.8369998931885,17.4224987030029,11.0080995559692,24.1969985961914,5.83500003814697,1.80169999599457,0,"southern","inland"
"274","Stunt Ranch",2021-06-11,2,0,6,0,"June",0,23.8369998931885,17.4224987030029,11.0080995559692,24.1969985961914,5.83500003814697,1.80169999599457,0,"southern","inland"
"275","Stunt Ranch",2021-06-11,3,1,6,0,"June",0,23.8369998931885,17.4224987030029,11.0080995559692,24.1969985961914,5.83500003814697,1.80169999599457,0,"southern","inland"
"276","Stunt Ranch",2021-06-11,4,0,6,0,"June",0,23.8369998931885,17.4224987030029,11.0080995559692,24.1969985961914,5.83500003814697,1.80169999599457,0,"southern","inland"
"277","Stunt Ranch",2021-06-11,5,1,6,0,"June",0,23.8369998931885,17.4224987030029,11.0080995559692,24.1969985961914,5.83500003814697,1.80169999599457,0,"southern","inland"
"278","Stunt Ranch",2021-06-11,6,0.3333333333,6,1,"June",0,23.8369998931885,17.4224987030029,11.0080995559692,24.1969985961914,5.83500003814697,1.80169999599457,0,"southern","inland"
"279","Stunt Ranch",2021-06-11,7,1,6,0,"June",0,23.8369998931885,17.4224987030029,11.0080995559692,24.1969985961914,5.83500003814697,1.80169999599457,0,"southern","inland"
"280","Stunt Ranch",2021-06-11,8,0,6,0,"June",0,23.8369998931885,17.4224987030029,11.0080995559692,24.1969985961914,5.83500003814697,1.80169999599457,0,"southern","inland"
"281","Stunt Ranch",2021-06-11,9,1,6,0,"June",0,23.8369998931885,17.4224987030029,11.0080995559692,24.1969985961914,5.83500003814697,1.80169999599457,0,"southern","inland"
"282","Stunt Ranch",2021-06-11,10,0,6,0,"June",0,23.8369998931885,17.4224987030029,11.0080995559692,24.1969985961914,5.83500003814697,1.80169999599457,0,"southern","inland"
"283","Stunt Ranch",2021-06-11,11,1,6,0,"June",0,23.8369998931885,17.4224987030029,11.0080995559692,24.1969985961914,5.83500003814697,1.80169999599457,0,"southern","inland"
"284","Stunt Ranch",2021-06-11,12,1,6,0,"June",0,23.8369998931885,17.4224987030029,11.0080995559692,24.1969985961914,5.83500003814697,1.80169999599457,0,"southern","inland"
"285","Stunt Ranch",2021-06-11,13,1,6,0,"June",0,23.8369998931885,17.4224987030029,11.0080995559692,24.1969985961914,5.83500003814697,1.80169999599457,0,"southern","inland"
"286","Stunt Ranch",2021-06-11,14,0,6,0,"June",0,23.8369998931885,17.4224987030029,11.0080995559692,24.1969985961914,5.83500003814697,1.80169999599457,0,"southern","inland"
"287","Stunt Ranch",2021-06-11,15,1,6,0,"June",0,23.8369998931885,17.4224987030029,11.0080995559692,24.1969985961914,5.83500003814697,1.80169999599457,0,"southern","inland"
"288","Santa Cruz Island",2021-06-12,1,0.6,6,1,"June",0,26.4315986633301,19.6891002655029,12.9467000961304,27.5125999450684,6.20359992980957,0,0,"southern","inland"
"289","Santa Cruz Island",2021-06-12,2,1,6,0,"June",0,26.4315986633301,19.6891002655029,12.9467000961304,27.5125999450684,6.20359992980957,0,0,"southern","inland"
"290","Santa Cruz Island",2021-06-12,3,1,6,0,"June",0,26.4315986633301,19.6891002655029,12.9467000961304,27.5125999450684,6.20359992980957,0,0,"southern","inland"
"291","Santa Cruz Island",2021-06-13,4,1,6,0,"June",0,26.4315986633301,19.6891002655029,12.9467000961304,27.5125999450684,6.20359992980957,0,0,"southern","inland"
"292","Santa Cruz Island",2021-06-13,5,0,6,0,"June",0,26.4315986633301,19.6891002655029,12.9467000961304,27.5125999450684,6.20359992980957,0,0,"southern","inland"
"293","Santa Cruz Island",2021-06-13,6,0,6,0,"June",0,26.4315986633301,19.6891002655029,12.9467000961304,27.5125999450684,6.20359992980957,0,0,"southern","inland"
"294","Santa Cruz Island",2021-06-13,7,0,6,0,"June",0,26.4315986633301,19.6891002655029,12.9467000961304,27.5125999450684,6.20359992980957,0,0,"southern","inland"
"295","Santa Cruz Island",2021-06-13,8,0,6,0,"June",0,26.4315986633301,19.6891002655029,12.9467000961304,27.5125999450684,6.20359992980957,0,0,"southern","inland"
"296","Santa Cruz Island",2021-06-13,9,0,6,0,"June",0,26.4315986633301,19.6891002655029,12.9467000961304,27.5125999450684,6.20359992980957,0,0,"southern","inland"
"297","",NA,NA,0,NA,0,NA,NA,NA,NA,NA,NA,NA,NA,NA,NA,NA
