"","reserve","month_numeric","lizard_num","count","month_name","date","ppt","tmax","tmean","tmin","vpdmax","vpdmin","ppt_month","ppt_prior_month","region","location"
"1","Big Creek",4,1,5,"April",2021-04-12,0,14.1205997467041,12.4362001419067,10.7519998550415,5.82690000534058,1.93789994716644,0.875,64.5374978482723,"central","coastal"
"2","Big Creek",4,2,4,"April",2021-04-12,0,14.1205997467041,12.4362001419067,10.7519998550415,5.82690000534058,1.93789994716644,0.875,64.5374978482723,"central","coastal"
"3","Big Creek",4,3,2,"April",2021-04-12,0,14.1205997467041,12.4362001419067,10.7519998550415,5.82690000534058,1.93789994716644,0.875,64.5374978482723,"central","coastal"
"4","Big Creek",4,4,0,"April",2021-04-12,0,14.1205997467041,12.4362001419067,10.7519998550415,5.82690000534058,1.93789994716644,0.875,64.5374978482723,"central","coastal"
"5","Big Creek",4,5,3,"April",2021-04-12,0,14.1205997467041,12.4362001419067,10.7519998550415,5.82690000534058,1.93789994716644,0.875,64.5374978482723,"central","coastal"
"6","Big Creek",4,6,2,"April",2021-04-12,0,14.1205997467041,12.4362001419067,10.7519998550415,5.82690000534058,1.93789994716644,0.875,64.5374978482723,"central","coastal"
"7","Big Creek",4,7,1,"April",2021-04-12,0,14.1205997467041,12.4362001419067,10.7519998550415,5.82690000534058,1.93789994716644,0.875,64.5374978482723,"central","coastal"
"8","Big Creek",4,8,0,"April",2021-04-12,0,14.1205997467041,12.4362001419067,10.7519998550415,5.82690000534058,1.93789994716644,0.875,64.5374978482723,"central","coastal"
"9","Big Creek",4,9,0,"April",2021-04-12,0,14.1205997467041,12.4362001419067,10.7519998550415,5.82690000534058,1.93789994716644,0.875,64.5374978482723,"central","coastal"
"10","Big Creek",4,10,1,"April",2021-04-12,0,14.1205997467041,12.4362001419067,10.7519998550415,5.82690000534058,1.93789994716644,0.875,64.5374978482723,"central","coastal"
"11","Big Creek",4,11,1,"April",2021-04-12,0,14.1205997467041,12.4362001419067,10.7519998550415,5.82690000534058,1.93789994716644,0.875,64.5374978482723,"central","coastal"
"12","Big Creek",4,12,2,"April",2021-04-12,0,14.1205997467041,12.4362001419067,10.7519998550415,5.82690000534058,1.93789994716644,0.875,64.5374978482723,"central","coastal"
"13","Big Creek",5,1,17,"May",2021-05-10,0,21.6950988769531,17.0128993988037,12.3308000564575,17.4251003265381,4.541100025177,0,0.875,"central","coastal"
"14","Big Creek",5,2,6,"May",2021-05-10,0,21.6950988769531,17.0128993988037,12.3308000564575,17.4251003265381,4.541100025177,0,0.875,"central","coastal"
"15","Big Creek",5,3,11,"May",2021-05-10,0,21.6950988769531,17.0128993988037,12.3308000564575,17.4251003265381,4.541100025177,0,0.875,"central","coastal"
"16","Big Creek",5,4,10,"May",2021-05-10,0,21.6950988769531,17.0128993988037,12.3308000564575,17.4251003265381,4.541100025177,0,0.875,"central","coastal"
"17","Big Creek",5,5,52,"May",2021-05-10,0,21.6950988769531,17.0128993988037,12.3308000564575,17.4251003265381,4.541100025177,0,0.875,"central","coastal"
"18","Big Creek",5,6,24,"May",2021-05-10,0,21.6950988769531,17.0128993988037,12.3308000564575,17.4251003265381,4.541100025177,0,0.875,"central","coastal"
"19","Big Creek",5,7,18,"May",2021-05-10,0,21.6950988769531,17.0128993988037,12.3308000564575,17.4251003265381,4.541100025177,0,0.875,"central","coastal"
"20","Big Creek",5,8,28,"May",2021-05-10,0,21.6950988769531,17.0128993988037,12.3308000564575,17.4251003265381,4.541100025177,0,0.875,"central","coastal"
"21","Big Creek",5,9,13,"May",2021-05-10,0,21.6950988769531,17.0128993988037,12.3308000564575,17.4251003265381,4.541100025177,0,0.875,"central","coastal"
"22","Big Creek",5,10,13,"May",2021-05-10,0,21.6950988769531,17.0128993988037,12.3308000564575,17.4251003265381,4.541100025177,0,0.875,"central","coastal"
"23","Big Creek",5,11,9,"May",2021-05-10,0,21.6950988769531,17.0128993988037,12.3308000564575,17.4251003265381,4.541100025177,0,0.875,"central","coastal"
"24","Big Creek",5,12,17,"May",2021-05-10,0,21.6950988769531,17.0128993988037,12.3308000564575,17.4251003265381,4.541100025177,0,0.875,"central","coastal"
"25","Big Creek",5,13,1,"May",2021-05-10,0,21.6950988769531,17.0128993988037,12.3308000564575,17.4251003265381,4.541100025177,0,0.875,"central","coastal"
"26","Big Creek",5,14,6,"May",2021-05-10,0,21.6950988769531,17.0128993988037,12.3308000564575,17.4251003265381,4.541100025177,0,0.875,"central","coastal"
"27","Big Creek",5,15,0,"May",2021-05-10,0,21.6950988769531,17.0128993988037,12.3308000564575,17.4251003265381,4.541100025177,0,0.875,"central","coastal"
"28","Big Creek",6,1,1,"June",2021-06-07,0,15.5492992401123,12.2754001617432,9.00169944763184,6.63479995727539,0.287999987602234,0,0,"central","coastal"
"29","Big Creek",6,2,0,"June",2021-06-07,0,15.5492992401123,12.2754001617432,9.00169944763184,6.63479995727539,0.287999987602234,0,0,"central","coastal"
"30","Big Creek",6,3,0,"June",2021-06-07,0,15.5492992401123,12.2754001617432,9.00169944763184,6.63479995727539,0.287999987602234,0,0,"central","coastal"
"31","Big Creek",6,4,0,"June",2021-06-07,0,15.5492992401123,12.2754001617432,9.00169944763184,6.63479995727539,0.287999987602234,0,0,"central","coastal"
"32","Big Creek",6,5,0,"June",2021-06-07,0,15.5492992401123,12.2754001617432,9.00169944763184,6.63479995727539,0.287999987602234,0,0,"central","coastal"
"33","Big Creek",6,6,6,"June",2021-06-07,0,15.5492992401123,12.2754001617432,9.00169944763184,6.63479995727539,0.287999987602234,0,0,"central","coastal"
"34","Big Creek",6,7,2,"June",2021-06-07,0,15.5492992401123,12.2754001617432,9.00169944763184,6.63479995727539,0.287999987602234,0,0,"central","coastal"
"35","Big Creek",6,8,0,"June",2021-06-07,0,15.5492992401123,12.2754001617432,9.00169944763184,6.63479995727539,0.287999987602234,0,0,"central","coastal"
"36","Big Creek",6,9,0,"June",2021-06-07,0,15.5492992401123,12.2754001617432,9.00169944763184,6.63479995727539,0.287999987602234,0,0,"central","coastal"
"37","Big Creek",6,10,0,"June",2021-06-07,0,15.5492992401123,12.2754001617432,9.00169944763184,6.63479995727539,0.287999987602234,0,0,"central","coastal"
"38","Big Creek",6,11,1,"June",2021-06-07,0,15.5492992401123,12.2754001617432,9.00169944763184,6.63479995727539,0.287999987602234,0,0,"central","coastal"
"39","Big Creek",6,12,0,"June",2021-06-07,0,15.5492992401123,12.2754001617432,9.00169944763184,6.63479995727539,0.287999987602234,0,0,"central","coastal"
"40","Big Creek",6,13,1,"June",2021-06-07,0,15.5492992401123,12.2754001617432,9.00169944763184,6.63479995727539,0.287999987602234,0,0,"central","coastal"
"41","Big Creek",6,14,0,"June",2021-06-07,0,15.5492992401123,12.2754001617432,9.00169944763184,6.63479995727539,0.287999987602234,0,0,"central","coastal"
"42","Big Creek",6,15,0,"June",2021-06-07,0,15.5492992401123,12.2754001617432,9.00169944763184,6.63479995727539,0.287999987602234,0,0,"central","coastal"
"43","Coal Oil Point",3,1,1,"March",2021-03-22,0,21.3822994232178,14.7337999343872,8.08539962768555,20.264799118042,3.95039987564087,32.8756989093963,1.16809995565563,"southern","coastal"
"44","Coal Oil Point",4,1,1,"April",2021-04-16,0,15.9682998657227,10.9893999099731,6.0105996131897,6.10459995269775,0.567099988460541,2.02319997549057,32.8756989093963,"southern","coastal"
"45","Coal Oil Point",5,1,0,"May",2021-05-15,0,15.8888998031616,14.1061992645264,12.3235998153687,3.59329986572266,0.655799984931946,1.95609998703003,2.02319997549057,"southern","coastal"
"46","Coal Oil Point",5,2,0,"May",2021-05-15,0,15.8888998031616,14.1061992645264,12.3235998153687,3.59329986572266,0.655799984931946,1.95609998703003,2.02319997549057,"southern","coastal"
"47","Coal Oil Point",5,3,1,"May",2021-05-15,0,15.8888998031616,14.1061992645264,12.3235998153687,3.59329986572266,0.655799984931946,1.95609998703003,2.02319997549057,"southern","coastal"
"48","Coal Oil Point",5,4,0,"May",2021-05-15,0,15.8888998031616,14.1061992645264,12.3235998153687,3.59329986572266,0.655799984931946,1.95609998703003,2.02319997549057,"southern","coastal"
"49","Coal Oil Point",5,5,0,"May",2021-05-15,0,15.8888998031616,14.1061992645264,12.3235998153687,3.59329986572266,0.655799984931946,1.95609998703003,2.02319997549057,"southern","coastal"
"50","Coal Oil Point",5,6,0,"May",2021-05-15,0,15.8888998031616,14.1061992645264,12.3235998153687,3.59329986572266,0.655799984931946,1.95609998703003,2.02319997549057,"southern","coastal"
"51","Coal Oil Point",5,7,0,"May",2021-05-15,0,15.8888998031616,14.1061992645264,12.3235998153687,3.59329986572266,0.655799984931946,1.95609998703003,2.02319997549057,"southern","coastal"
"52","Coal Oil Point",5,8,0,"May",2021-05-15,0,15.8888998031616,14.1061992645264,12.3235998153687,3.59329986572266,0.655799984931946,1.95609998703003,2.02319997549057,"southern","coastal"
"53","Coal Oil Point",6,1,0,"June",2021-06-10,0,22.3003997802734,16.2992992401123,10.2983999252319,17.8987998962402,3.35220003128052,1.42320001125335,1.95609998703003,"southern","coastal"
"54","Coal Oil Point",6,2,0,"June",2021-06-10,0,22.3003997802734,16.2992992401123,10.2983999252319,17.8987998962402,3.35220003128052,1.42320001125335,1.95609998703003,"southern","coastal"
"55","Fort Ord",4,1,1,"April",2021-04-09,0,13.1535997390747,9.87839984893799,6.60329961776733,5.24659967422485,0.807500004768372,1.2652999162674,36.1705998778343,"central","coastal"
"56","Fort Ord",4,2,0,"April",2021-04-09,0,13.1535997390747,9.87839984893799,6.60329961776733,5.24659967422485,0.807500004768372,1.2652999162674,36.1705998778343,"central","coastal"
"57","Fort Ord",5,1,9,"May",2021-05-08,0,15.023699760437,10.6568994522095,6.29019975662231,7.07379961013794,0.742500007152557,3.03689998388291,1.2652999162674,"central","coastal"
"58","Fort Ord",5,2,3,"May",2021-05-08,0,15.023699760437,10.6568994522095,6.29019975662231,7.07379961013794,0.742500007152557,3.03689998388291,1.2652999162674,"central","coastal"
"59","Fort Ord",5,3,1,"May",2021-05-08,0,15.023699760437,10.6568994522095,6.29019975662231,7.07379961013794,0.742500007152557,3.03689998388291,1.2652999162674,"central","coastal"
"60","Fort Ord",5,4,2,"May",2021-05-08,0,15.023699760437,10.6568994522095,6.29019975662231,7.07379961013794,0.742500007152557,3.03689998388291,1.2652999162674,"central","coastal"
"61","Fort Ord",5,5,7,"May",2021-05-08,0,15.023699760437,10.6568994522095,6.29019975662231,7.07379961013794,0.742500007152557,3.03689998388291,1.2652999162674,"central","coastal"
"62","Fort Ord",5,6,11,"May",2021-05-08,0,15.023699760437,10.6568994522095,6.29019975662231,7.07379961013794,0.742500007152557,3.03689998388291,1.2652999162674,"central","coastal"
"63","Fort Ord",5,7,0,"May",2021-05-08,0,15.023699760437,10.6568994522095,6.29019975662231,7.07379961013794,0.742500007152557,3.03689998388291,1.2652999162674,"central","coastal"
"64","Fort Ord",5,8,24,"May",2021-05-08,0,15.023699760437,10.6568994522095,6.29019975662231,7.07379961013794,0.742500007152557,3.03689998388291,1.2652999162674,"central","coastal"
"65","Fort Ord",5,9,44,"May",2021-05-08,0,15.023699760437,10.6568994522095,6.29019975662231,7.07379961013794,0.742500007152557,3.03689998388291,1.2652999162674,"central","coastal"
"66","Fort Ord",5,10,14,"May",2021-05-08,0,15.023699760437,10.6568994522095,6.29019975662231,7.07379961013794,0.742500007152557,3.03689998388291,1.2652999162674,"central","coastal"
"67","Fort Ord",5,11,3,"May",2021-05-08,0,15.023699760437,10.6568994522095,6.29019975662231,7.07379961013794,0.742500007152557,3.03689998388291,1.2652999162674,"central","coastal"
"68","Fort Ord",5,12,0,"May",2021-05-08,0,15.023699760437,10.6568994522095,6.29019975662231,7.07379961013794,0.742500007152557,3.03689998388291,1.2652999162674,"central","coastal"
"69","Fort Ord",5,13,0,"May",2021-05-08,0,15.023699760437,10.6568994522095,6.29019975662231,7.07379961013794,0.742500007152557,3.03689998388291,1.2652999162674,"central","coastal"
"70","Fort Ord",5,14,0,"May",2021-05-08,0,15.023699760437,10.6568994522095,6.29019975662231,7.07379961013794,0.742500007152557,3.03689998388291,1.2652999162674,"central","coastal"
"71","Fort Ord",5,15,18,"May",2021-05-08,0,15.023699760437,10.6568994522095,6.29019975662231,7.07379961013794,0.742500007152557,3.03689998388291,1.2652999162674,"central","coastal"
"72","Fort Ord",6,1,5,"June",2021-06-05,0,15.0677995681763,12.7378997802734,10.4081993103027,4.79759979248047,0.682900011539459,0.496099978685379,3.03689998388291,"central","coastal"
"73","Fort Ord",6,2,13,"June",2021-06-05,0,15.0677995681763,12.7378997802734,10.4081993103027,4.79759979248047,0.682900011539459,0.496099978685379,3.03689998388291,"central","coastal"
"74","Fort Ord",6,3,13,"June",2021-06-05,0,15.0677995681763,12.7378997802734,10.4081993103027,4.79759979248047,0.682900011539459,0.496099978685379,3.03689998388291,"central","coastal"
"75","Fort Ord",6,4,1,"June",2021-06-05,0,15.0677995681763,12.7378997802734,10.4081993103027,4.79759979248047,0.682900011539459,0.496099978685379,3.03689998388291,"central","coastal"
"76","Fort Ord",6,5,5,"June",2021-06-05,0,15.0677995681763,12.7378997802734,10.4081993103027,4.79759979248047,0.682900011539459,0.496099978685379,3.03689998388291,"central","coastal"
"77","Fort Ord",6,6,14,"June",2021-06-05,0,15.0677995681763,12.7378997802734,10.4081993103027,4.79759979248047,0.682900011539459,0.496099978685379,3.03689998388291,"central","coastal"
"78","Fort Ord",6,7,0,"June",2021-06-05,0,15.0677995681763,12.7378997802734,10.4081993103027,4.79759979248047,0.682900011539459,0.496099978685379,3.03689998388291,"central","coastal"
"79","Fort Ord",6,8,1,"June",2021-06-05,0,15.0677995681763,12.7378997802734,10.4081993103027,4.79759979248047,0.682900011539459,0.496099978685379,3.03689998388291,"central","coastal"
"80","Fort Ord",6,9,3,"June",2021-06-05,0,15.0677995681763,12.7378997802734,10.4081993103027,4.79759979248047,0.682900011539459,0.496099978685379,3.03689998388291,"central","coastal"
"81","Fort Ord",6,10,14,"June",2021-06-05,0,15.0677995681763,12.7378997802734,10.4081993103027,4.79759979248047,0.682900011539459,0.496099978685379,3.03689998388291,"central","coastal"
"82","Fort Ord",6,11,0,"June",2021-06-05,0,15.0677995681763,12.7378997802734,10.4081993103027,4.79759979248047,0.682900011539459,0.496099978685379,3.03689998388291,"central","coastal"
"83","Fort Ord",6,12,12,"June",2021-06-05,0,15.0677995681763,12.7378997802734,10.4081993103027,4.79759979248047,0.682900011539459,0.496099978685379,3.03689998388291,"central","coastal"
"84","Fort Ord",6,13,15,"June",2021-06-05,0,15.0677995681763,12.7378997802734,10.4081993103027,4.79759979248047,0.682900011539459,0.496099978685379,3.03689998388291,"central","coastal"
"85","Fort Ord",6,14,5,"June",2021-06-05,0,15.0677995681763,12.7378997802734,10.4081993103027,4.79759979248047,0.682900011539459,0.496099978685379,3.03689998388291,"central","coastal"
"86","Fort Ord",6,15,18,"June",2021-06-05,0,15.0677995681763,12.7378997802734,10.4081993103027,4.79759979248047,0.682900011539459,0.496099978685379,3.03689998388291,"central","coastal"
"87","Hastings",4,1,2,"April",2021-04-10,0,18.3502998352051,10.9327001571655,3.51529979705811,14.4722995758057,0.803299963474274,1.47359991073608,50.89389950037,"central","inland"
"88","Hastings",4,2,37,"April",2021-04-10,0,18.3502998352051,10.9327001571655,3.51529979705811,14.4722995758057,0.803299963474274,1.47359991073608,50.89389950037,"central","inland"
"89","Hastings",4,3,3,"April",2021-04-10,0,18.3502998352051,10.9327001571655,3.51529979705811,14.4722995758057,0.803299963474274,1.47359991073608,50.89389950037,"central","inland"
"90","Hastings",4,4,0,"April",2021-04-10,0,18.3502998352051,10.9327001571655,3.51529979705811,14.4722995758057,0.803299963474274,1.47359991073608,50.89389950037,"central","inland"
"91","Hastings",4,5,2,"April",2021-04-10,0,18.3502998352051,10.9327001571655,3.51529979705811,14.4722995758057,0.803299963474274,1.47359991073608,50.89389950037,"central","inland"
"92","Hastings",4,6,0,"April",2021-04-10,0,18.3502998352051,10.9327001571655,3.51529979705811,14.4722995758057,0.803299963474274,1.47359991073608,50.89389950037,"central","inland"
"93","Hastings",4,7,14,"April",2021-04-10,0,18.3502998352051,10.9327001571655,3.51529979705811,14.4722995758057,0.803299963474274,1.47359991073608,50.89389950037,"central","inland"
"94","Hastings",5,1,2,"May",2021-05-09,0,24.934398651123,16.8918991088867,8.84959983825684,26.7840995788574,4.03719997406006,0,1.47359991073608,"central","inland"
"95","Hastings",5,2,15,"May",2021-05-09,0,24.934398651123,16.8918991088867,8.84959983825684,26.7840995788574,4.03719997406006,0,1.47359991073608,"central","inland"
"96","Hastings",5,3,0,"May",2021-05-09,0,24.934398651123,16.8918991088867,8.84959983825684,26.7840995788574,4.03719997406006,0,1.47359991073608,"central","inland"
"97","Hastings",5,4,0,"May",2021-05-09,0,24.934398651123,16.8918991088867,8.84959983825684,26.7840995788574,4.03719997406006,0,1.47359991073608,"central","inland"
"98","Hastings",5,5,2,"May",2021-05-09,0,24.934398651123,16.8918991088867,8.84959983825684,26.7840995788574,4.03719997406006,0,1.47359991073608,"central","inland"
"99","Hastings",5,6,0,"May",2021-05-09,0,24.934398651123,16.8918991088867,8.84959983825684,26.7840995788574,4.03719997406006,0,1.47359991073608,"central","inland"
"100","Hastings",5,7,26,"May",2021-05-09,0,24.934398651123,16.8918991088867,8.84959983825684,26.7840995788574,4.03719997406006,0,1.47359991073608,"central","inland"
"101","Hastings",5,8,1,"May",2021-05-09,0,24.934398651123,16.8918991088867,8.84959983825684,26.7840995788574,4.03719997406006,0,1.47359991073608,"central","inland"
"102","Hastings",5,9,3,"May",2021-05-09,0,24.934398651123,16.8918991088867,8.84959983825684,26.7840995788574,4.03719997406006,0,1.47359991073608,"central","inland"
"103","Hastings",5,10,2,"May",2021-05-09,0,24.934398651123,16.8918991088867,8.84959983825684,26.7840995788574,4.03719997406006,0,1.47359991073608,"central","inland"
"104","Hastings",5,11,0,"May",2021-05-09,0,24.934398651123,16.8918991088867,8.84959983825684,26.7840995788574,4.03719997406006,0,1.47359991073608,"central","inland"
"105","Hastings",5,12,12,"May",2021-05-09,0,24.934398651123,16.8918991088867,8.84959983825684,26.7840995788574,4.03719997406006,0,1.47359991073608,"central","inland"
"106","Hastings",5,13,18,"May",2021-05-09,0,24.934398651123,16.8918991088867,8.84959983825684,26.7840995788574,4.03719997406006,0,1.47359991073608,"central","inland"
"107","Hastings",5,14,16,"May",2021-05-09,0,24.934398651123,16.8918991088867,8.84959983825684,26.7840995788574,4.03719997406006,0,1.47359991073608,"central","inland"
"108","Hastings",5,15,3,"May",2021-05-09,0,24.934398651123,16.8918991088867,8.84959983825684,26.7840995788574,4.03719997406006,0,1.47359991073608,"central","inland"
"109","Hastings",6,1,0,"June",2021-06-06,0,27.7193984985352,18.7775001525879,9.83580017089844,28.2821998596191,3.03779983520508,0,0,"central","inland"
"110","Hastings",6,2,0,"June",2021-06-06,0,27.7193984985352,18.7775001525879,9.83580017089844,28.2821998596191,3.03779983520508,0,0,"central","inland"
"111","Hastings",6,3,5,"June",2021-06-06,0,27.7193984985352,18.7775001525879,9.83580017089844,28.2821998596191,3.03779983520508,0,0,"central","inland"
"112","Hastings",6,4,1,"June",2021-06-06,0,27.7193984985352,18.7775001525879,9.83580017089844,28.2821998596191,3.03779983520508,0,0,"central","inland"
"113","Hastings",6,5,1,"June",2021-06-06,0,27.7193984985352,18.7775001525879,9.83580017089844,28.2821998596191,3.03779983520508,0,0,"central","inland"
"114","Hastings",6,6,2,"June",2021-06-06,0,27.7193984985352,18.7775001525879,9.83580017089844,28.2821998596191,3.03779983520508,0,0,"central","inland"
"115","Hastings",6,7,1,"June",2021-06-06,0,27.7193984985352,18.7775001525879,9.83580017089844,28.2821998596191,3.03779983520508,0,0,"central","inland"
"116","Hastings",6,8,1,"June",2021-06-06,0,27.7193984985352,18.7775001525879,9.83580017089844,28.2821998596191,3.03779983520508,0,0,"central","inland"
"117","Hastings",6,9,0,"June",2021-06-06,0,27.7193984985352,18.7775001525879,9.83580017089844,28.2821998596191,3.03779983520508,0,0,"central","inland"
"118","Hastings",6,10,0,"June",2021-06-06,0,27.7193984985352,18.7775001525879,9.83580017089844,28.2821998596191,3.03779983520508,0,0,"central","inland"
"119","Hastings",6,11,0,"June",2021-06-06,0,27.7193984985352,18.7775001525879,9.83580017089844,28.2821998596191,3.03779983520508,0,0,"central","inland"
"120","Hastings",6,12,4,"June",2021-06-06,0,27.7193984985352,18.7775001525879,9.83580017089844,28.2821998596191,3.03779983520508,0,0,"central","inland"
"121","Hastings",6,13,2,"June",2021-06-06,0,27.7193984985352,18.7775001525879,9.83580017089844,28.2821998596191,3.03779983520508,0,0,"central","inland"
"122","Hastings",6,14,3,"June",2021-06-06,0,27.7193984985352,18.7775001525879,9.83580017089844,28.2821998596191,3.03779983520508,0,0,"central","inland"
"123","Hastings",6,15,4,"June",2021-06-06,0,27.7193984985352,18.7775001525879,9.83580017089844,28.2821998596191,3.03779983520508,0,0,"central","inland"
"124","McLaughlin",4,1,21,"April",2021-04-07,0,22.082498550415,13.5458993911743,5.00950002670288,19.7052001953125,0.785999953746796,6.62619972229004,71.7011970673921,"northern","inland"
"125","McLaughlin",4,2,2,"April",2021-04-07,0,22.082498550415,13.5458993911743,5.00950002670288,19.7052001953125,0.785999953746796,6.62619972229004,71.7011970673921,"northern","inland"
"126","McLaughlin",4,3,14,"April",2021-04-07,0,22.082498550415,13.5458993911743,5.00950002670288,19.7052001953125,0.785999953746796,6.62619972229004,71.7011970673921,"northern","inland"
"127","McLaughlin",4,4,3,"April",2021-04-07,0,22.082498550415,13.5458993911743,5.00950002670288,19.7052001953125,0.785999953746796,6.62619972229004,71.7011970673921,"northern","inland"
"128","McLaughlin",4,5,8,"April",2021-04-07,0,22.082498550415,13.5458993911743,5.00950002670288,19.7052001953125,0.785999953746796,6.62619972229004,71.7011970673921,"northern","inland"
"129","McLaughlin",4,6,9,"April",2021-04-07,0,22.082498550415,13.5458993911743,5.00950002670288,19.7052001953125,0.785999953746796,6.62619972229004,71.7011970673921,"northern","inland"
"130","McLaughlin",5,1,2,"May",2021-05-05,0,29.6961994171143,21.0076999664307,12.319299697876,33.456298828125,5.20160007476807,0,6.62619972229004,"northern","inland"
"131","McLaughlin",5,2,4,"May",2021-05-05,0,29.6961994171143,21.0076999664307,12.319299697876,33.456298828125,5.20160007476807,0,6.62619972229004,"northern","inland"
"132","McLaughlin",5,3,5,"May",2021-05-05,0,29.6961994171143,21.0076999664307,12.319299697876,33.456298828125,5.20160007476807,0,6.62619972229004,"northern","inland"
"133","McLaughlin",5,4,13,"May",2021-05-05,0,29.6961994171143,21.0076999664307,12.319299697876,33.456298828125,5.20160007476807,0,6.62619972229004,"northern","inland"
"134","McLaughlin",6,1,1,"June",2021-06-02,0,37.5841979980469,27.9369983673096,18.2899990081787,57.4456977844238,11.0514001846313,0,0,"northern","inland"
"135","McLaughlin",6,2,0,"June",2021-06-02,0,37.5841979980469,27.9369983673096,18.2899990081787,57.4456977844238,11.0514001846313,0,0,"northern","inland"
"136","Quail Ridge",4,1,10,"April",2021-04-08,0,22.5774002075195,13.5971994400024,4.61709976196289,19.8226985931396,0.52319997549057,3.8034999370575,44.7990992695558,"northern","inland"
"137","Quail Ridge",4,2,18,"April",2021-04-08,0,22.5774002075195,13.5971994400024,4.61709976196289,19.8226985931396,0.52319997549057,3.8034999370575,44.7990992695558,"northern","inland"
"138","Quail Ridge",4,3,19,"April",2021-04-08,0,22.5774002075195,13.5971994400024,4.61709976196289,19.8226985931396,0.52319997549057,3.8034999370575,44.7990992695558,"northern","inland"
"139","Quail Ridge",4,4,0,"April",2021-04-08,0,22.5774002075195,13.5971994400024,4.61709976196289,19.8226985931396,0.52319997549057,3.8034999370575,44.7990992695558,"northern","inland"
"140","Quail Ridge",5,1,25,"May",2021-05-06,0,35.5480995178223,22.9293994903564,10.3108997344971,48.4339981079102,1.84009993076324,0,3.8034999370575,"northern","inland"
"141","Quail Ridge",5,2,9,"May",2021-05-06,0,35.5480995178223,22.9293994903564,10.3108997344971,48.4339981079102,1.84009993076324,0,3.8034999370575,"northern","inland"
"142","Quail Ridge",6,1,5,"June",2021-06-03,0,36.0377998352051,25.1767997741699,14.315899848938,46.4693984985352,3.04690003395081,0,0,"northern","inland"
"143","Quail Ridge",6,2,1,"June",2021-06-03,0,36.0377998352051,25.1767997741699,14.315899848938,46.4693984985352,3.04690003395081,0,0,"northern","inland"
"144","Rancho Marino",4,1,24,"April",2021-04-11,0,14.3526992797852,9.33549976348877,4.31850004196167,4.34389972686768,0.143999993801117,0,32.2174990773201,"central","coastal"
"145","Rancho Marino",4,2,4,"April",2021-04-11,0,14.3526992797852,9.33549976348877,4.31850004196167,4.34389972686768,0.143999993801117,0,32.2174990773201,"central","coastal"
"146","Rancho Marino",4,3,11,"April",2021-04-11,0,14.3526992797852,9.33549976348877,4.31850004196167,4.34389972686768,0.143999993801117,0,32.2174990773201,"central","coastal"
"147","Rancho Marino",4,4,3,"April",2021-04-11,0,14.3526992797852,9.33549976348877,4.31850004196167,4.34389972686768,0.143999993801117,0,32.2174990773201,"central","coastal"
"148","Rancho Marino",4,5,29,"April",2021-04-11,0,14.3526992797852,9.33549976348877,4.31850004196167,4.34389972686768,0.143999993801117,0,32.2174990773201,"central","coastal"
"149","Rancho Marino",4,6,18,"April",2021-04-11,0,14.3526992797852,9.33549976348877,4.31850004196167,4.34389972686768,0.143999993801117,0,32.2174990773201,"central","coastal"
"150","Rancho Marino",4,7,12,"April",2021-04-11,0,14.3526992797852,9.33549976348877,4.31850004196167,4.34389972686768,0.143999993801117,0,32.2174990773201,"central","coastal"
"151","Rancho Marino",4,8,41,"April",2021-04-11,0,14.3526992797852,9.33549976348877,4.31850004196167,4.34389972686768,0.143999993801117,0,32.2174990773201,"central","coastal"
"152","Rancho Marino",4,9,28,"April",2021-04-11,0,14.3526992797852,9.33549976348877,4.31850004196167,4.34389972686768,0.143999993801117,0,32.2174990773201,"central","coastal"
"153","Rancho Marino",4,10,6,"April",2021-04-11,0,14.3526992797852,9.33549976348877,4.31850004196167,4.34389972686768,0.143999993801117,0,32.2174990773201,"central","coastal"
"154","Rancho Marino",4,11,27,"April",2021-04-11,0,14.3526992797852,9.33549976348877,4.31850004196167,4.34389972686768,0.143999993801117,0,32.2174990773201,"central","coastal"
"155","Rancho Marino",4,12,39,"April",2021-04-11,0,14.3526992797852,9.33549976348877,4.31850004196167,4.34389972686768,0.143999993801117,0,32.2174990773201,"central","coastal"
"156","Rancho Marino",4,13,18,"April",2021-04-11,0,14.3526992797852,9.33549976348877,4.31850004196167,4.34389972686768,0.143999993801117,0,32.2174990773201,"central","coastal"
"157","Rancho Marino",4,14,9,"April",2021-04-11,0,14.3526992797852,9.33549976348877,4.31850004196167,4.34389972686768,0.143999993801117,0,32.2174990773201,"central","coastal"
"158","Rancho Marino",4,15,18,"April",2021-04-11,0,14.3526992797852,9.33549976348877,4.31850004196167,4.34389972686768,0.143999993801117,0,32.2174990773201,"central","coastal"
"159","Rancho Marino",5,1,17,"May",2021-05-11,0,14.7982997894287,11.633599281311,8.46909999847412,3.11479997634888,0.0362999998033047,0.858299970626831,0,"central","coastal"
"160","Rancho Marino",5,2,6,"May",2021-05-11,0,14.7982997894287,11.633599281311,8.46909999847412,3.11479997634888,0.0362999998033047,0.858299970626831,0,"central","coastal"
"161","Rancho Marino",5,3,10,"May",2021-05-11,0,14.7982997894287,11.633599281311,8.46909999847412,3.11479997634888,0.0362999998033047,0.858299970626831,0,"central","coastal"
"162","Rancho Marino",5,4,9,"May",2021-05-11,0,14.7982997894287,11.633599281311,8.46909999847412,3.11479997634888,0.0362999998033047,0.858299970626831,0,"central","coastal"
"163","Rancho Marino",5,5,49,"May",2021-05-11,0,14.7982997894287,11.633599281311,8.46909999847412,3.11479997634888,0.0362999998033047,0.858299970626831,0,"central","coastal"
"164","Rancho Marino",5,6,21,"May",2021-05-11,0,14.7982997894287,11.633599281311,8.46909999847412,3.11479997634888,0.0362999998033047,0.858299970626831,0,"central","coastal"
"165","Rancho Marino",5,7,14,"May",2021-05-11,0,14.7982997894287,11.633599281311,8.46909999847412,3.11479997634888,0.0362999998033047,0.858299970626831,0,"central","coastal"
"166","Rancho Marino",5,8,23,"May",2021-05-11,0,14.7982997894287,11.633599281311,8.46909999847412,3.11479997634888,0.0362999998033047,0.858299970626831,0,"central","coastal"
"167","Rancho Marino",5,9,12,"May",2021-05-11,0,14.7982997894287,11.633599281311,8.46909999847412,3.11479997634888,0.0362999998033047,0.858299970626831,0,"central","coastal"
"168","Rancho Marino",5,10,4,"May",2021-05-11,0,14.7982997894287,11.633599281311,8.46909999847412,3.11479997634888,0.0362999998033047,0.858299970626831,0,"central","coastal"
"169","Rancho Marino",5,11,8,"May",2021-05-11,0,14.7982997894287,11.633599281311,8.46909999847412,3.11479997634888,0.0362999998033047,0.858299970626831,0,"central","coastal"
"170","Rancho Marino",5,12,10,"May",2021-05-11,0,14.7982997894287,11.633599281311,8.46909999847412,3.11479997634888,0.0362999998033047,0.858299970626831,0,"central","coastal"
"171","Rancho Marino",5,13,0,"May",2021-05-11,0,14.7982997894287,11.633599281311,8.46909999847412,3.11479997634888,0.0362999998033047,0.858299970626831,0,"central","coastal"
"172","Rancho Marino",5,14,4,"May",2021-05-11,0,14.7982997894287,11.633599281311,8.46909999847412,3.11479997634888,0.0362999998033047,0.858299970626831,0,"central","coastal"
"173","Rancho Marino",5,15,0,"May",2021-05-11,0,14.7982997894287,11.633599281311,8.46909999847412,3.11479997634888,0.0362999998033047,0.858299970626831,0,"central","coastal"
"174","Rancho Marino",6,1,6,"June",2021-06-08,0,16.2787990570068,12.5682001113892,8.8577995300293,5.13479995727539,0.430599987506866,0,0.858299970626831,"central","coastal"
"175","Rancho Marino",6,2,3,"June",2021-06-08,0,16.2787990570068,12.5682001113892,8.8577995300293,5.13479995727539,0.430599987506866,0,0.858299970626831,"central","coastal"
"176","Rancho Marino",6,3,2,"June",2021-06-08,0,16.2787990570068,12.5682001113892,8.8577995300293,5.13479995727539,0.430599987506866,0,0.858299970626831,"central","coastal"
"177","Rancho Marino",6,4,6,"June",2021-06-08,0,16.2787990570068,12.5682001113892,8.8577995300293,5.13479995727539,0.430599987506866,0,0.858299970626831,"central","coastal"
"178","Rancho Marino",6,5,3,"June",2021-06-08,0,16.2787990570068,12.5682001113892,8.8577995300293,5.13479995727539,0.430599987506866,0,0.858299970626831,"central","coastal"
"179","Rancho Marino",6,6,8,"June",2021-06-08,0,16.2787990570068,12.5682001113892,8.8577995300293,5.13479995727539,0.430599987506866,0,0.858299970626831,"central","coastal"
"180","Rancho Marino",6,7,6,"June",2021-06-08,0,16.2787990570068,12.5682001113892,8.8577995300293,5.13479995727539,0.430599987506866,0,0.858299970626831,"central","coastal"
"181","Rancho Marino",6,8,19,"June",2021-06-08,0,16.2787990570068,12.5682001113892,8.8577995300293,5.13479995727539,0.430599987506866,0,0.858299970626831,"central","coastal"
"182","Rancho Marino",6,9,4,"June",2021-06-08,0,16.2787990570068,12.5682001113892,8.8577995300293,5.13479995727539,0.430599987506866,0,0.858299970626831,"central","coastal"
"183","Rancho Marino",6,10,5,"June",2021-06-08,0,16.2787990570068,12.5682001113892,8.8577995300293,5.13479995727539,0.430599987506866,0,0.858299970626831,"central","coastal"
"184","Rancho Marino",6,11,0,"June",2021-06-08,0,16.2787990570068,12.5682001113892,8.8577995300293,5.13479995727539,0.430599987506866,0,0.858299970626831,"central","coastal"
"185","Rancho Marino",6,12,1,"June",2021-06-08,0,16.2787990570068,12.5682001113892,8.8577995300293,5.13479995727539,0.430599987506866,0,0.858299970626831,"central","coastal"
"186","Rancho Marino",6,13,2,"June",2021-06-08,0,16.2787990570068,12.5682001113892,8.8577995300293,5.13479995727539,0.430599987506866,0,0.858299970626831,"central","coastal"
"187","Rancho Marino",6,14,3,"June",2021-06-08,0,16.2787990570068,12.5682001113892,8.8577995300293,5.13479995727539,0.430599987506866,0,0.858299970626831,"central","coastal"
"188","Rancho Marino",6,15,7,"June",2021-06-08,0,16.2787990570068,12.5682001113892,8.8577995300293,5.13479995727539,0.430599987506866,0,0.858299970626831,"central","coastal"
"189","Santa Cruz Island",4,1,0,"April",2021-04-18,0,21.0546989440918,14.3330993652344,7.61169958114624,17.2880001068115,0.465299993753433,0,17.3459993600845,"southern","inland"
"190","Santa Cruz Island",4,2,2,"April",2021-04-18,0,21.0546989440918,14.3330993652344,7.61169958114624,17.2880001068115,0.465299993753433,0,17.3459993600845,"southern","inland"
"191","Santa Cruz Island",4,3,4,"April",2021-04-18,0,21.0546989440918,14.3330993652344,7.61169958114624,17.2880001068115,0.465299993753433,0,17.3459993600845,"southern","inland"
"192","Santa Cruz Island",5,1,0,"May",2021-05-16,0,19.1014003753662,14.4344997406006,9.76760005950928,12.7473993301392,0.746800005435944,0,0,"southern","inland"
"193","Santa Cruz Island",5,2,8,"May",2021-05-16,0,19.1014003753662,14.4344997406006,9.76760005950928,12.7473993301392,0.746800005435944,0,0,"southern","inland"
"194","Santa Cruz Island",5,3,2,"May",2021-05-16,0,19.1014003753662,14.4344997406006,9.76760005950928,12.7473993301392,0.746800005435944,0,0,"southern","inland"
"195","Santa Cruz Island",5,4,0,"May",2021-05-16,0,19.1014003753662,14.4344997406006,9.76760005950928,12.7473993301392,0.746800005435944,0,0,"southern","inland"
"196","Santa Cruz Island",5,5,0,"May",2021-05-16,0,19.1014003753662,14.4344997406006,9.76760005950928,12.7473993301392,0.746800005435944,0,0,"southern","inland"
"197","Santa Cruz Island",5,6,0,"May",2021-05-16,0,19.1014003753662,14.4344997406006,9.76760005950928,12.7473993301392,0.746800005435944,0,0,"southern","inland"
"198","Santa Cruz Island",5,7,1,"May",2021-05-16,0,19.1014003753662,14.4344997406006,9.76760005950928,12.7473993301392,0.746800005435944,0,0,"southern","inland"
"199","Santa Cruz Island",5,8,2,"May",2021-05-16,0,19.1014003753662,14.4344997406006,9.76760005950928,12.7473993301392,0.746800005435944,0,0,"southern","inland"
"200","Santa Cruz Island",6,1,5,"June",2021-06-12,0,26.4315986633301,19.6891002655029,12.9467000961304,27.5125999450684,6.20359992980957,0,0,"southern","inland"
"201","Santa Cruz Island",6,2,1,"June",2021-06-12,0,26.4315986633301,19.6891002655029,12.9467000961304,27.5125999450684,6.20359992980957,0,0,"southern","inland"
"202","Santa Cruz Island",6,3,2,"June",2021-06-12,0,26.4315986633301,19.6891002655029,12.9467000961304,27.5125999450684,6.20359992980957,0,0,"southern","inland"
"203","Santa Cruz Island",6,4,1,"June",2021-06-12,0,26.4315986633301,19.6891002655029,12.9467000961304,27.5125999450684,6.20359992980957,0,0,"southern","inland"
"204","Santa Cruz Island",6,5,1,"June",2021-06-12,0,26.4315986633301,19.6891002655029,12.9467000961304,27.5125999450684,6.20359992980957,0,0,"southern","inland"
"205","Santa Cruz Island",6,6,0,"June",2021-06-12,0,26.4315986633301,19.6891002655029,12.9467000961304,27.5125999450684,6.20359992980957,0,0,"southern","inland"
"206","Santa Cruz Island",6,7,0,"June",2021-06-12,0,26.4315986633301,19.6891002655029,12.9467000961304,27.5125999450684,6.20359992980957,0,0,"southern","inland"
"207","Santa Cruz Island",6,8,0,"June",2021-06-12,0,26.4315986633301,19.6891002655029,12.9467000961304,27.5125999450684,6.20359992980957,0,0,"southern","inland"
"208","Santa Cruz Island",6,9,0,"June",2021-06-12,0,26.4315986633301,19.6891002655029,12.9467000961304,27.5125999450684,6.20359992980957,0,0,"southern","inland"
"209","Sedgwick",3,1,3,"March",2021-03-21,0,17.5879001617432,12.363299369812,7.1387996673584,14.1996994018555,2.62619996070862,35.1180995106697,3.17009991407394,"southern","inland"
"210","Sedgwick",3,2,20,"March",2021-03-21,0,17.5879001617432,12.363299369812,7.1387996673584,14.1996994018555,2.62619996070862,35.1180995106697,3.17009991407394,"southern","inland"
"211","Sedgwick",3,3,2,"March",2021-03-21,0,17.5879001617432,12.363299369812,7.1387996673584,14.1996994018555,2.62619996070862,35.1180995106697,3.17009991407394,"southern","inland"
"212","Sedgwick",3,4,6,"March",2021-03-21,0,17.5879001617432,12.363299369812,7.1387996673584,14.1996994018555,2.62619996070862,35.1180995106697,3.17009991407394,"southern","inland"
"213","Sedgwick",3,5,8,"March",2021-03-21,0,17.5879001617432,12.363299369812,7.1387996673584,14.1996994018555,2.62619996070862,35.1180995106697,3.17009991407394,"southern","inland"
"214","Sedgwick",3,6,10,"March",2021-03-21,0,17.5879001617432,12.363299369812,7.1387996673584,14.1996994018555,2.62619996070862,35.1180995106697,3.17009991407394,"southern","inland"
"215","Sedgwick",3,7,5,"March",2021-03-21,0,17.5879001617432,12.363299369812,7.1387996673584,14.1996994018555,2.62619996070862,35.1180995106697,3.17009991407394,"southern","inland"
"216","Sedgwick",3,8,16,"March",2021-03-21,0,17.5879001617432,12.363299369812,7.1387996673584,14.1996994018555,2.62619996070862,35.1180995106697,3.17009991407394,"southern","inland"
"217","Sedgwick",4,1,7,"April",2021-04-15,0,16.0970001220703,8.94040012359619,1.78380000591278,9.85299968719482,0.351999998092651,1.1402999162674,35.1180995106697,"southern","inland"
"218","Sedgwick",4,2,8,"April",2021-04-15,0,16.0970001220703,8.94040012359619,1.78380000591278,9.85299968719482,0.351999998092651,1.1402999162674,35.1180995106697,"southern","inland"
"219","Sedgwick",4,3,4,"April",2021-04-15,0,16.0970001220703,8.94040012359619,1.78380000591278,9.85299968719482,0.351999998092651,1.1402999162674,35.1180995106697,"southern","inland"
"220","Sedgwick",4,4,2,"April",2021-04-15,0,16.0970001220703,8.94040012359619,1.78380000591278,9.85299968719482,0.351999998092651,1.1402999162674,35.1180995106697,"southern","inland"
"221","Sedgwick",4,5,14,"April",2021-04-15,0,16.0970001220703,8.94040012359619,1.78380000591278,9.85299968719482,0.351999998092651,1.1402999162674,35.1180995106697,"southern","inland"
"222","Sedgwick",4,6,15,"April",2021-04-15,0,16.0970001220703,8.94040012359619,1.78380000591278,9.85299968719482,0.351999998092651,1.1402999162674,35.1180995106697,"southern","inland"
"223","Sedgwick",4,7,0,"April",2021-04-15,0,16.0970001220703,8.94040012359619,1.78380000591278,9.85299968719482,0.351999998092651,1.1402999162674,35.1180995106697,"southern","inland"
"224","Sedgwick",4,8,7,"April",2021-04-15,0,16.0970001220703,8.94040012359619,1.78380000591278,9.85299968719482,0.351999998092651,1.1402999162674,35.1180995106697,"southern","inland"
"225","Sedgwick",4,9,1,"April",2021-04-15,0,16.0970001220703,8.94040012359619,1.78380000591278,9.85299968719482,0.351999998092651,1.1402999162674,35.1180995106697,"southern","inland"
"226","Sedgwick",5,1,3,"May",2021-05-13,0,26.8193988800049,17.5137996673584,8.20829963684082,20.8088989257812,0.390699982643127,0,1.1402999162674,"southern","inland"
"227","Sedgwick",5,2,0,"May",2021-05-13,0,26.8193988800049,17.5137996673584,8.20829963684082,20.8088989257812,0.390699982643127,0,1.1402999162674,"southern","inland"
"228","Sedgwick",5,3,4,"May",2021-05-13,0,26.8193988800049,17.5137996673584,8.20829963684082,20.8088989257812,0.390699982643127,0,1.1402999162674,"southern","inland"
"229","Sedgwick",5,4,1,"May",2021-05-13,0,26.8193988800049,17.5137996673584,8.20829963684082,20.8088989257812,0.390699982643127,0,1.1402999162674,"southern","inland"
"230","Sedgwick",5,5,0,"May",2021-05-13,0,26.8193988800049,17.5137996673584,8.20829963684082,20.8088989257812,0.390699982643127,0,1.1402999162674,"southern","inland"
"231","Sedgwick",5,6,2,"May",2021-05-13,0,26.8193988800049,17.5137996673584,8.20829963684082,20.8088989257812,0.390699982643127,0,1.1402999162674,"southern","inland"
"232","Sedgwick",5,7,3,"May",2021-05-13,0,26.8193988800049,17.5137996673584,8.20829963684082,20.8088989257812,0.390699982643127,0,1.1402999162674,"southern","inland"
"233","Sedgwick",5,8,0,"May",2021-05-13,0,26.8193988800049,17.5137996673584,8.20829963684082,20.8088989257812,0.390699982643127,0,1.1402999162674,"southern","inland"
"234","Sedgwick",6,1,0,NA,NA,NA,NA,NA,NA,NA,NA,NA,NA,NA,NA
"235","Sedgwick",6,2,1,NA,NA,NA,NA,NA,NA,NA,NA,NA,NA,NA,NA
"236","Sedgwick",6,3,3,NA,NA,NA,NA,NA,NA,NA,NA,NA,NA,NA,NA
"237","Sedgwick",6,4,1,NA,NA,NA,NA,NA,NA,NA,NA,NA,NA,NA,NA
"238","Sedgwick",6,5,1,NA,NA,NA,NA,NA,NA,NA,NA,NA,NA,NA,NA
"239","Sedgwick",6,6,2,NA,NA,NA,NA,NA,NA,NA,NA,NA,NA,NA,NA
"240","Sedgwick",6,7,0,NA,NA,NA,NA,NA,NA,NA,NA,NA,NA,NA,NA
"241","Sedgwick",6,8,2,NA,NA,NA,NA,NA,NA,NA,NA,NA,NA,NA,NA
"242","Sedgwick",6,9,0,NA,NA,NA,NA,NA,NA,NA,NA,NA,NA,NA,NA
"243","Sedgwick",6,10,1,NA,NA,NA,NA,NA,NA,NA,NA,NA,NA,NA,NA
"244","Sedgwick",6,11,0,NA,NA,NA,NA,NA,NA,NA,NA,NA,NA,NA,NA
"245","Sedgwick",6,12,11,NA,NA,NA,NA,NA,NA,NA,NA,NA,NA,NA,NA
"246","Stunt Ranch",3,1,0,"March",2021-03-24,0,17.8936996459961,11.6778993606567,5.46229982376099,13.5625,0.381199985742569,27.0947994589805,0,"southern","inland"
"247","Stunt Ranch",3,2,1,"March",2021-03-24,0,17.8936996459961,11.6778993606567,5.46229982376099,13.5625,0.381199985742569,27.0947994589805,0,"southern","inland"
"248","Stunt Ranch",3,3,5,"March",2021-03-24,0,17.8936996459961,11.6778993606567,5.46229982376099,13.5625,0.381199985742569,27.0947994589805,0,"southern","inland"
"249","Stunt Ranch",3,4,1,"March",2021-03-24,0,17.8936996459961,11.6778993606567,5.46229982376099,13.5625,0.381199985742569,27.0947994589805,0,"southern","inland"
"250","Stunt Ranch",3,5,0,"March",2021-03-24,0,17.8936996459961,11.6778993606567,5.46229982376099,13.5625,0.381199985742569,27.0947994589805,0,"southern","inland"
"251","Stunt Ranch",3,6,2,"March",2021-03-24,0,17.8936996459961,11.6778993606567,5.46229982376099,13.5625,0.381199985742569,27.0947994589805,0,"southern","inland"
"252","Stunt Ranch",3,7,1,"March",2021-03-24,0,17.8936996459961,11.6778993606567,5.46229982376099,13.5625,0.381199985742569,27.0947994589805,0,"southern","inland"
"253","Stunt Ranch",3,8,0,"March",2021-03-24,0,17.8936996459961,11.6778993606567,5.46229982376099,13.5625,0.381199985742569,27.0947994589805,0,"southern","inland"
"254","Stunt Ranch",3,9,3,"March",2021-03-24,0,17.8936996459961,11.6778993606567,5.46229982376099,13.5625,0.381199985742569,27.0947994589805,0,"southern","inland"
"255","Stunt Ranch",4,1,5,"April",2021-04-14,0,14.5808000564575,10.8541994094849,7.12769985198975,5.40889978408813,0.710599958896637,0,27.0947994589805,"southern","inland"
"256","Stunt Ranch",4,2,1,"April",2021-04-14,0,14.5808000564575,10.8541994094849,7.12769985198975,5.40889978408813,0.710599958896637,0,27.0947994589805,"southern","inland"
"257","Stunt Ranch",4,3,1,"April",2021-04-14,0,14.5808000564575,10.8541994094849,7.12769985198975,5.40889978408813,0.710599958896637,0,27.0947994589805,"southern","inland"
"258","Stunt Ranch",4,4,3,"April",2021-04-14,0,14.5808000564575,10.8541994094849,7.12769985198975,5.40889978408813,0.710599958896637,0,27.0947994589805,"southern","inland"
"259","Stunt Ranch",4,5,1,"April",2021-04-14,0,14.5808000564575,10.8541994094849,7.12769985198975,5.40889978408813,0.710599958896637,0,27.0947994589805,"southern","inland"
"260","Stunt Ranch",4,6,2,"April",2021-04-14,0,14.5808000564575,10.8541994094849,7.12769985198975,5.40889978408813,0.710599958896637,0,27.0947994589805,"southern","inland"
"261","Stunt Ranch",4,7,7,"April",2021-04-14,0,14.5808000564575,10.8541994094849,7.12769985198975,5.40889978408813,0.710599958896637,0,27.0947994589805,"southern","inland"
"262","Stunt Ranch",4,8,0,"April",2021-04-14,0,14.5808000564575,10.8541994094849,7.12769985198975,5.40889978408813,0.710599958896637,0,27.0947994589805,"southern","inland"
"263","Stunt Ranch",4,9,2,"April",2021-04-14,0,14.5808000564575,10.8541994094849,7.12769985198975,5.40889978408813,0.710599958896637,0,27.0947994589805,"southern","inland"
"264","Stunt Ranch",4,10,4,"April",2021-04-14,0,14.5808000564575,10.8541994094849,7.12769985198975,5.40889978408813,0.710599958896637,0,27.0947994589805,"southern","inland"
"265","Stunt Ranch",4,11,3,"April",2021-04-14,0,14.5808000564575,10.8541994094849,7.12769985198975,5.40889978408813,0.710599958896637,0,27.0947994589805,"southern","inland"
"266","Stunt Ranch",4,12,4,"April",2021-04-14,0,14.5808000564575,10.8541994094849,7.12769985198975,5.40889978408813,0.710599958896637,0,27.0947994589805,"southern","inland"
"267","Stunt Ranch",4,13,4,"April",2021-04-14,0,14.5808000564575,10.8541994094849,7.12769985198975,5.40889978408813,0.710599958896637,0,27.0947994589805,"southern","inland"
"268","Stunt Ranch",4,14,7,"April",2021-04-14,0,14.5808000564575,10.8541994094849,7.12769985198975,5.40889978408813,0.710599958896637,0,27.0947994589805,"southern","inland"
"269","Stunt Ranch",4,15,8,"April",2021-04-14,0,14.5808000564575,10.8541994094849,7.12769985198975,5.40889978408813,0.710599958896637,0,27.0947994589805,"southern","inland"
"270","Stunt Ranch",5,1,1,"May",2021-05-12,0,22.4778003692627,16.3808002471924,10.2839994430542,13.3112993240356,0.163599997758865,0,0,"southern","inland"
"271","Stunt Ranch",5,2,0,"May",2021-05-12,0,22.4778003692627,16.3808002471924,10.2839994430542,13.3112993240356,0.163599997758865,0,0,"southern","inland"
"272","Stunt Ranch",5,3,0,"May",2021-05-12,0,22.4778003692627,16.3808002471924,10.2839994430542,13.3112993240356,0.163599997758865,0,0,"southern","inland"
"273","Stunt Ranch",5,4,0,"May",2021-05-12,0,22.4778003692627,16.3808002471924,10.2839994430542,13.3112993240356,0.163599997758865,0,0,"southern","inland"
"274","Stunt Ranch",5,5,0,"May",2021-05-12,0,22.4778003692627,16.3808002471924,10.2839994430542,13.3112993240356,0.163599997758865,0,0,"southern","inland"
"275","Stunt Ranch",5,6,0,"May",2021-05-12,0,22.4778003692627,16.3808002471924,10.2839994430542,13.3112993240356,0.163599997758865,0,0,"southern","inland"
"276","Stunt Ranch",5,7,0,"May",2021-05-12,0,22.4778003692627,16.3808002471924,10.2839994430542,13.3112993240356,0.163599997758865,0,0,"southern","inland"
"277","Stunt Ranch",5,8,0,"May",2021-05-12,0,22.4778003692627,16.3808002471924,10.2839994430542,13.3112993240356,0.163599997758865,0,0,"southern","inland"
"278","Stunt Ranch",5,9,0,"May",2021-05-12,0,22.4778003692627,16.3808002471924,10.2839994430542,13.3112993240356,0.163599997758865,0,0,"southern","inland"
"279","Stunt Ranch",5,10,0,"May",2021-05-12,0,22.4778003692627,16.3808002471924,10.2839994430542,13.3112993240356,0.163599997758865,0,0,"southern","inland"
"280","Stunt Ranch",5,11,0,"May",2021-05-12,0,22.4778003692627,16.3808002471924,10.2839994430542,13.3112993240356,0.163599997758865,0,0,"southern","inland"
"281","Stunt Ranch",5,12,0,"May",2021-05-12,0,22.4778003692627,16.3808002471924,10.2839994430542,13.3112993240356,0.163599997758865,0,0,"southern","inland"
"282","Stunt Ranch",6,1,0,"June",2021-06-11,0,23.8369998931885,17.4224987030029,11.0080995559692,24.1969985961914,5.83500003814697,1.80169999599457,0,"southern","inland"
"283","Stunt Ranch",6,2,0,"June",2021-06-11,0,23.8369998931885,17.4224987030029,11.0080995559692,24.1969985961914,5.83500003814697,1.80169999599457,0,"southern","inland"
"284","Stunt Ranch",6,3,2,"June",2021-06-11,0,23.8369998931885,17.4224987030029,11.0080995559692,24.1969985961914,5.83500003814697,1.80169999599457,0,"southern","inland"
"285","Stunt Ranch",6,4,0,"June",2021-06-11,0,23.8369998931885,17.4224987030029,11.0080995559692,24.1969985961914,5.83500003814697,1.80169999599457,0,"southern","inland"
"286","Stunt Ranch",6,5,3,"June",2021-06-11,0,23.8369998931885,17.4224987030029,11.0080995559692,24.1969985961914,5.83500003814697,1.80169999599457,0,"southern","inland"
"287","Stunt Ranch",6,6,3,"June",2021-06-11,0,23.8369998931885,17.4224987030029,11.0080995559692,24.1969985961914,5.83500003814697,1.80169999599457,0,"southern","inland"
"288","Stunt Ranch",6,7,2,"June",2021-06-11,0,23.8369998931885,17.4224987030029,11.0080995559692,24.1969985961914,5.83500003814697,1.80169999599457,0,"southern","inland"
"289","Stunt Ranch",6,8,0,"June",2021-06-11,0,23.8369998931885,17.4224987030029,11.0080995559692,24.1969985961914,5.83500003814697,1.80169999599457,0,"southern","inland"
"290","Stunt Ranch",6,9,1,"June",2021-06-11,0,23.8369998931885,17.4224987030029,11.0080995559692,24.1969985961914,5.83500003814697,1.80169999599457,0,"southern","inland"
"291","Stunt Ranch",6,10,0,"June",2021-06-11,0,23.8369998931885,17.4224987030029,11.0080995559692,24.1969985961914,5.83500003814697,1.80169999599457,0,"southern","inland"
"292","Stunt Ranch",6,11,3,"June",2021-06-11,0,23.8369998931885,17.4224987030029,11.0080995559692,24.1969985961914,5.83500003814697,1.80169999599457,0,"southern","inland"
"293","Stunt Ranch",6,12,1,"June",2021-06-11,0,23.8369998931885,17.4224987030029,11.0080995559692,24.1969985961914,5.83500003814697,1.80169999599457,0,"southern","inland"
"294","Stunt Ranch",6,13,1,"June",2021-06-11,0,23.8369998931885,17.4224987030029,11.0080995559692,24.1969985961914,5.83500003814697,1.80169999599457,0,"southern","inland"
"295","Stunt Ranch",6,14,0,"June",2021-06-11,0,23.8369998931885,17.4224987030029,11.0080995559692,24.1969985961914,5.83500003814697,1.80169999599457,0,"southern","inland"
"296","Stunt Ranch",6,15,1,"June",2021-06-11,0,23.8369998931885,17.4224987030029,11.0080995559692,24.1969985961914,5.83500003814697,1.80169999599457,0,"southern","inland"
